comm_cost,cost_mode,n_clients,max_iter,trial,predicted_global,effective_predicted_global,actual_global,effective_actual_global
0.08,fixed,10,100,1,0.8918341496154462,0.8118341496154462,0.9239956568946797,0.8439956568946797
0.08,fixed,10,100,2,0.9000323396810933,0.8200323396810933,0.9218241042345277,0.8418241042345277
0.08,fixed,10,100,3,0.9053886663832275,0.8253886663832275,0.9294245385450597,0.8494245385450597
0.08,fixed,10,100,4,0.927365714666321,0.847365714666321,0.9294245385450597,0.8494245385450597
0.08,fixed,10,100,5,0.90719581223641,0.82719581223641,0.9174809989142236,0.8374809989142237
0.08,fixed,10,100,6,0.9138522811997156,0.8338522811997157,0.9207383279044516,0.8407383279044517
0.08,fixed,10,100,7,0.8949126954941138,0.8149126954941138,0.9174809989142236,0.8374809989142237
0.08,fixed,10,100,8,0.9047516529586818,0.8247516529586818,0.9294245385450597,0.8494245385450597
0.08,fixed,10,100,9,0.9280086696738805,0.8480086696738806,0.9185667752442996,0.8385667752442997
0.08,fixed,10,100,10,0.9301815231469551,0.8501815231469552,0.9207383279044516,0.8407383279044517
0.08,fixed,10,100,11,0.9099731371864856,0.8299731371864857,0.9207383279044516,0.8407383279044517
0.08,fixed,10,100,12,0.900265140826988,0.8202651408269881,0.9305103148751357,0.8505103148751357
0.08,fixed,10,100,13,0.9082923829535753,0.8282923829535753,0.9250814332247557,0.8450814332247557
0.08,fixed,10,100,14,0.8793187979740953,0.7993187979740953,0.9174809989142236,0.8374809989142237
0.08,fixed,10,100,15,0.8874061264177732,0.8074061264177732,0.9196525515743756,0.8396525515743757
0.08,fixed,10,100,16,0.904601233087826,0.8246012330878261,0.9261672095548317,0.8461672095548317
0.08,fixed,10,100,17,0.8949515486097854,0.8149515486097855,0.9326818675352877,0.8526818675352877
0.08,fixed,10,100,18,0.8993877793158218,0.8193877793158219,0.9305103148751357,0.8505103148751357
0.08,fixed,10,100,19,0.8997907780346246,0.8197907780346246,0.9131378935939196,0.8331378935939197
0.08,fixed,10,100,20,0.9107242758412489,0.830724275841249,0.9142236699239956,0.8342236699239957
0.08,fixed,10,100,21,0.9138579623035574,0.8338579623035575,0.9229098805646037,0.8429098805646037
0.08,fixed,10,100,22,0.9228949460771708,0.8428949460771709,0.9120521172638436,0.8320521172638436
0.08,fixed,10,100,23,0.8988822370968415,0.8188822370968415,0.9283387622149837,0.8483387622149837
0.08,fixed,10,100,24,0.9037094777804654,0.8237094777804654,0.9218241042345277,0.8418241042345277
0.08,fixed,10,100,25,0.9032290950562982,0.8232290950562983,0.9196525515743756,0.8396525515743757
0.08,fixed,10,100,26,0.9095067802668022,0.8295067802668022,0.9229098805646037,0.8429098805646037
0.08,fixed,10,100,27,0.9196962951129997,0.8396962951129997,0.9185667752442996,0.8385667752442997
0.08,fixed,10,100,28,0.9243188700536993,0.8443188700536993,0.9337676438653637,0.8537676438653637
0.08,fixed,10,100,29,0.9025464162261718,0.8225464162261719,0.9066232356134636,0.8266232356134636
0.08,fixed,10,100,30,0.8936509561791796,0.8136509561791796,0.9250814332247557,0.8450814332247557
0.08,fixed,10,100,31,0.8893074953555642,0.8093074953555642,0.9163952225841476,0.8363952225841477
0.08,fixed,10,100,32,0.909591774523418,0.829591774523418,0.9261672095548317,0.8461672095548317
0.08,fixed,10,100,33,0.8896297068075691,0.8096297068075692,0.9239956568946797,0.8439956568946797
0.08,fixed,10,100,34,0.9117680717198094,0.8317680717198095,0.9315960912052117,0.8515960912052117
0.08,fixed,10,100,35,0.9108031742731717,0.8308031742731717,0.9326818675352877,0.8526818675352877
0.08,fixed,10,100,36,0.900103872682468,0.8201038726824681,0.9163952225841476,0.8363952225841477
0.08,fixed,10,100,37,0.9178784625748426,0.8378784625748427,0.9218241042345277,0.8418241042345277
0.08,fixed,10,100,38,0.8905315022240488,0.8105315022240488,0.9370249728555917,0.8570249728555918
0.08,fixed,10,100,39,0.9120038438690129,0.8320038438690129,0.9196525515743756,0.8396525515743757
0.08,fixed,10,100,40,0.9112622907615182,0.8312622907615183,0.9250814332247557,0.8450814332247557
0.08,fixed,10,100,41,0.8856294915630015,0.8056294915630016,0.9250814332247557,0.8450814332247557
0.08,fixed,10,100,42,0.9057121078180631,0.8257121078180631,0.9207383279044516,0.8407383279044517
0.08,fixed,10,100,43,0.9095805604012765,0.8295805604012766,0.9087947882736156,0.8287947882736156
0.08,fixed,10,100,44,0.9075632847633587,0.8275632847633587,0.9131378935939196,0.8331378935939197
0.08,fixed,10,100,45,0.9110633082397672,0.8310633082397673,0.9381107491856677,0.8581107491856678
0.08,fixed,10,100,46,0.8925666861426282,0.8125666861426283,0.9120521172638436,0.8320521172638436
0.08,fixed,10,100,47,0.886655232352545,0.806655232352545,0.9087947882736156,0.8287947882736156
0.08,fixed,10,100,48,0.8866329249978246,0.8066329249978247,0.9153094462540716,0.8353094462540717
0.08,fixed,10,100,49,0.9272611715705126,0.8472611715705126,0.9337676438653637,0.8537676438653637
0.08,fixed,10,100,50,0.8881405335892274,0.8081405335892274,0.9218241042345277,0.8418241042345277
0.08,fixed,10,100,51,0.8894270174216395,0.8094270174216396,0.9174809989142236,0.8374809989142237
0.08,fixed,10,100,52,0.9349946113019312,0.8549946113019312,0.9489685124864278,0.8689685124864278
0.08,fixed,10,100,53,0.9274653742206546,0.8474653742206546,0.9391965255157437,0.8591965255157438
0.08,fixed,10,100,54,0.8960413336937006,0.8160413336937007,0.9326818675352877,0.8526818675352877
0.08,fixed,10,100,55,0.9069434191934425,0.8269434191934425,0.9337676438653637,0.8537676438653637
0.08,fixed,10,100,56,0.8933320443034811,0.8133320443034812,0.9153094462540716,0.8353094462540717
0.08,fixed,10,100,57,0.889910286438213,0.8099102864382131,0.9370249728555917,0.8570249728555918
0.08,fixed,10,100,58,0.8967231466670433,0.8167231466670434,0.9174809989142236,0.8374809989142237
0.08,fixed,10,100,59,0.9235870608226566,0.8435870608226567,0.9305103148751357,0.8505103148751357
0.08,fixed,10,100,60,0.9179449135156018,0.8379449135156019,0.9283387622149837,0.8483387622149837
0.08,fixed,10,100,61,0.913685020744702,0.8336850207447021,0.9381107491856677,0.8581107491856678
0.08,fixed,10,100,62,0.9070869314144067,0.8270869314144067,0.9229098805646037,0.8429098805646037
0.08,fixed,10,100,63,0.9141040895223131,0.8341040895223132,0.9218241042345277,0.8418241042345277
0.08,fixed,10,100,64,0.8909893657649011,0.8109893657649011,0.9109663409337676,0.8309663409337676
0.08,fixed,10,100,65,0.897648661761429,0.817648661761429,0.9153094462540716,0.8353094462540717
0.08,fixed,10,100,66,0.9042366983368707,0.8242366983368707,0.9283387622149837,0.8483387622149837
0.08,fixed,10,100,67,0.8913883181251103,0.8113883181251104,0.9185667752442996,0.8385667752442997
0.08,fixed,10,100,68,0.9076956460057067,0.8276956460057068,0.9239956568946797,0.8439956568946797
0.08,fixed,10,100,69,0.9228054862189287,0.8428054862189287,0.9370249728555917,0.8570249728555918
0.08,fixed,10,100,70,0.9011841758507649,0.821184175850765,0.9120521172638436,0.8320521172638436
0.08,fixed,10,100,71,0.9119696482565851,0.8319696482565851,0.9478827361563518,0.8678827361563518
0.08,fixed,10,100,72,0.8924988150737347,0.8124988150737348,0.9283387622149837,0.8483387622149837
0.08,fixed,10,100,73,0.9096584437634121,0.8296584437634121,0.9250814332247557,0.8450814332247557
0.08,fixed,10,100,74,0.8860633885587208,0.8060633885587208,0.9467969598262758,0.8667969598262758
0.08,fixed,10,100,75,0.9090057069665729,0.8290057069665729,0.9283387622149837,0.8483387622149837
0.08,fixed,10,100,76,0.8880752229071491,0.8080752229071492,0.9250814332247557,0.8450814332247557
0.08,fixed,10,100,77,0.9254174781728017,0.8454174781728018,0.9218241042345277,0.8418241042345277
0.08,fixed,10,100,78,0.9010103428719572,0.8210103428719573,0.9218241042345277,0.8418241042345277
0.08,fixed,10,100,79,0.907684100364406,0.8276841003644061,0.9315960912052117,0.8515960912052117
0.08,fixed,10,100,80,0.914539816248652,0.834539816248652,0.9239956568946797,0.8439956568946797
0.08,fixed,10,100,81,0.9119268384626753,0.8319268384626753,0.9218241042345277,0.8418241042345277
0.08,fixed,10,100,82,0.9213111758408311,0.8413111758408311,0.9283387622149837,0.8483387622149837
0.08,fixed,10,100,83,0.9151099080297028,0.8351099080297029,0.9315960912052117,0.8515960912052117
0.08,fixed,10,100,84,0.9112701773582758,0.8312701773582758,0.9250814332247557,0.8450814332247557
0.08,fixed,10,100,85,0.8992620782991348,0.8192620782991349,0.9120521172638436,0.8320521172638436
0.08,fixed,10,100,86,0.9161887871949399,0.8361887871949399,0.9326818675352877,0.8526818675352877
0.08,fixed,10,100,87,0.9251695559293742,0.8451695559293743,0.9174809989142236,0.8374809989142237
0.08,fixed,10,100,88,0.9014850171894813,0.8214850171894813,0.9174809989142236,0.8374809989142237
0.08,fixed,10,100,89,0.8936860030742703,0.8136860030742703,0.9174809989142236,0.8374809989142237
0.08,fixed,10,100,90,0.9100541370505622,0.8300541370505622,0.9326818675352877,0.8526818675352877
0.08,fixed,10,100,91,0.8899992299366702,0.8099992299366703,0.9163952225841476,0.8363952225841477
0.08,fixed,10,100,92,0.9010485901814869,0.8210485901814869,0.9142236699239956,0.8342236699239957
0.08,fixed,10,100,93,0.8926953206162774,0.8126953206162775,0.9218241042345277,0.8418241042345277
0.08,fixed,10,100,94,0.9008679079380887,0.8208679079380887,0.9229098805646037,0.8429098805646037
0.08,fixed,10,100,95,0.9101720413355561,0.8301720413355561,0.9044516829533116,0.8244516829533116
0.08,fixed,10,100,96,0.9002084560215265,0.8202084560215266,0.9153094462540716,0.8353094462540717
0.08,fixed,10,100,97,0.9137657059801151,0.8337657059801151,0.9120521172638436,0.8320521172638436
0.08,fixed,10,100,98,0.9120817284215912,0.8320817284215912,0.9109663409337676,0.8309663409337676
0.08,fixed,10,100,99,0.9320236945694809,0.8520236945694809,0.9218241042345277,0.8418241042345277
0.08,fixed,10,100,100,0.9090611338389216,0.8290611338389217,0.9250814332247557,0.8450814332247557
0.08,fixed,20,100,1,0.9007008899197104,0.8207008899197105,0.9315960912052117,0.8515960912052117
0.08,fixed,20,100,2,0.9049240438002899,0.8249240438002899,0.9326818675352877,0.8526818675352877
0.08,fixed,20,100,3,0.8967624663734722,0.8167624663734723,0.9131378935939196,0.8331378935939197
0.08,fixed,20,100,4,0.8855705629885051,0.8055705629885052,0.9163952225841476,0.8363952225841477
0.08,fixed,20,100,5,0.9400093066778702,0.8600093066778702,0.9315960912052117,0.8515960912052117
0.08,fixed,20,100,6,0.9093274932024261,0.8293274932024262,0.9261672095548317,0.8461672095548317
0.08,fixed,20,100,7,0.9111721496427948,0.8311721496427948,0.9185667752442996,0.8385667752442997
0.08,fixed,20,100,8,0.896069556360503,0.816069556360503,0.9109663409337676,0.8309663409337676
0.08,fixed,20,100,9,0.8849327548709847,0.8049327548709847,0.9066232356134636,0.8266232356134636
0.08,fixed,20,100,10,0.8925088660477617,0.8125088660477617,0.8990228013029316,0.8190228013029316
0.08,fixed,20,100,11,0.8947583771145384,0.8147583771145385,0.9131378935939196,0.8331378935939197
0.08,fixed,20,100,12,0.8783860666748633,0.7983860666748633,0.9185667752442996,0.8385667752442997
0.08,fixed,20,100,13,0.9141632379038862,0.8341632379038862,0.9207383279044516,0.8407383279044517
0.08,fixed,20,100,14,0.8953116005950155,0.8153116005950155,0.9174809989142236,0.8374809989142237
0.08,fixed,20,100,15,0.8906149193931354,0.8106149193931355,0.9131378935939196,0.8331378935939197
0.08,fixed,20,100,16,0.9145463407072429,0.834546340707243,0.9272529858849077,0.8472529858849077
0.08,fixed,20,100,17,0.9177453427726056,0.8377453427726056,0.9326818675352877,0.8526818675352877
0.08,fixed,20,100,18,0.9316316444931072,0.8516316444931072,0.9413680781758957,0.8613680781758958
0.08,fixed,20,100,19,0.9038104690007811,0.8238104690007811,0.9294245385450597,0.8494245385450597
0.08,fixed,20,100,20,0.9030559700400018,0.8230559700400019,0.9250814332247557,0.8450814332247557
0.08,fixed,20,100,21,0.9102008153125646,0.8302008153125646,0.9413680781758957,0.8613680781758958
0.08,fixed,20,100,22,0.8912950837327795,0.8112950837327796,0.9153094462540716,0.8353094462540717
0.08,fixed,20,100,23,0.9168655123908113,0.8368655123908113,0.9207383279044516,0.8407383279044517
0.08,fixed,20,100,24,0.9311217911806459,0.8511217911806459,0.9218241042345277,0.8418241042345277
0.08,fixed,20,100,25,0.9181770974224516,0.8381770974224516,0.9174809989142236,0.8374809989142237
0.08,fixed,20,100,26,0.937097119420653,0.857097119420653,0.9337676438653637,0.8537676438653637
0.08,fixed,20,100,27,0.9221083220748124,0.8421083220748125,0.9337676438653637,0.8537676438653637
0.08,fixed,20,100,28,0.9019619982748225,0.8219619982748225,0.9131378935939196,0.8331378935939197
0.08,fixed,20,100,29,0.9368193615292238,0.8568193615292239,0.9337676438653637,0.8537676438653637
0.08,fixed,20,100,30,0.9349735851996883,0.8549735851996884,0.9337676438653637,0.8537676438653637
0.08,fixed,20,100,31,0.9216408363857719,0.8416408363857719,0.9283387622149837,0.8483387622149837
0.08,fixed,20,100,32,0.9044034790091297,0.8244034790091297,0.9109663409337676,0.8309663409337676
0.08,fixed,20,100,33,0.9226504017128137,0.8426504017128137,0.9283387622149837,0.8483387622149837
0.08,fixed,20,100,34,0.9236122788744058,0.8436122788744058,0.9272529858849077,0.8472529858849077
0.08,fixed,20,100,35,0.9112733117121865,0.8312733117121865,0.9283387622149837,0.8483387622149837
0.08,fixed,20,100,36,0.908875972425846,0.828875972425846,0.9185667752442996,0.8385667752442997
0.08,fixed,20,100,37,0.9359281448365951,0.8559281448365952,0.9348534201954397,0.8548534201954398
0.08,fixed,20,100,38,0.9181416752614837,0.8381416752614838,0.9261672095548317,0.8461672095548317
0.08,fixed,20,100,39,0.8869428573500173,0.8069428573500174,0.9315960912052117,0.8515960912052117
0.08,fixed,20,100,40,0.9102133127717418,0.8302133127717418,0.9239956568946797,0.8439956568946797
0.08,fixed,20,100,41,0.8918874710781214,0.8118874710781214,0.9250814332247557,0.8450814332247557
0.08,fixed,20,100,42,0.8932090937489872,0.8132090937489872,0.9196525515743756,0.8396525515743757
0.08,fixed,20,100,43,0.9298634726977075,0.8498634726977076,0.9098805646036916,0.8298805646036916
0.08,fixed,20,100,44,0.9251516758469714,0.8451516758469715,0.9294245385450597,0.8494245385450597
0.08,fixed,20,100,45,0.8976359083766384,0.8176359083766385,0.9283387622149837,0.8483387622149837
0.08,fixed,20,100,46,0.885539983158691,0.805539983158691,0.9077090119435396,0.8277090119435396
0.08,fixed,20,100,47,0.899820873342521,0.8198208733425211,0.9315960912052117,0.8515960912052117
0.08,fixed,20,100,48,0.9251630206510708,0.8451630206510709,0.9098805646036916,0.8298805646036916
0.08,fixed,20,100,49,0.8882764417239554,0.8082764417239554,0.9153094462540716,0.8353094462540717
0.08,fixed,20,100,50,0.9072982541471865,0.8272982541471865,0.9207383279044516,0.8407383279044517
0.08,fixed,20,100,51,0.8952725377813991,0.8152725377813992,0.9229098805646037,0.8429098805646037
0.08,fixed,20,100,52,0.8964079783225534,0.8164079783225534,0.9272529858849077,0.8472529858849077
0.08,fixed,20,100,53,0.9179400919955681,0.8379400919955682,0.9250814332247557,0.8450814332247557
0.08,fixed,20,100,54,0.9103781413404894,0.8303781413404895,0.9142236699239956,0.8342236699239957
0.08,fixed,20,100,55,0.8980037209172156,0.8180037209172156,0.9109663409337676,0.8309663409337676
0.08,fixed,20,100,56,0.9191485197212397,0.8391485197212397,0.9359391965255157,0.8559391965255158
0.08,fixed,20,100,57,0.9154398788029349,0.8354398788029349,0.9174809989142236,0.8374809989142237
0.08,fixed,20,100,58,0.9232150059173186,0.8432150059173187,0.9294245385450597,0.8494245385450597
0.08,fixed,20,100,59,0.9250869860305226,0.8450869860305227,0.9337676438653637,0.8537676438653637
0.08,fixed,20,100,60,0.9233384856736738,0.8433384856736739,0.9272529858849077,0.8472529858849077
0.08,fixed,20,100,61,0.9153169502514874,0.8353169502514874,0.9207383279044516,0.8407383279044517
0.08,fixed,20,100,62,0.9257698883573495,0.8457698883573496,0.9174809989142236,0.8374809989142237
0.08,fixed,20,100,63,0.8903916511164467,0.8103916511164467,0.9196525515743756,0.8396525515743757
0.08,fixed,20,100,64,0.8962962582082283,0.8162962582082284,0.9153094462540716,0.8353094462540717
0.08,fixed,20,100,65,0.9161680327304704,0.8361680327304705,0.9370249728555917,0.8570249728555918
0.08,fixed,20,100,66,0.9366021344464245,0.8566021344464245,0.9326818675352877,0.8526818675352877
0.08,fixed,20,100,67,0.9135739920676889,0.8335739920676889,0.9218241042345277,0.8418241042345277
0.08,fixed,20,100,68,0.897576336917957,0.8175763369179571,0.9196525515743756,0.8396525515743757
0.08,fixed,20,100,69,0.9050597081970803,0.8250597081970803,0.9229098805646037,0.8429098805646037
0.08,fixed,20,100,70,0.9261361984876059,0.8461361984876059,0.9305103148751357,0.8505103148751357
0.08,fixed,20,100,71,0.8972368108121733,0.8172368108121734,0.9272529858849077,0.8472529858849077
0.08,fixed,20,100,72,0.9022115912531538,0.8222115912531538,0.9142236699239956,0.8342236699239957
0.08,fixed,20,100,73,0.9020092145665642,0.8220092145665643,0.9305103148751357,0.8505103148751357
0.08,fixed,20,100,74,0.9030111700090797,0.8230111700090798,0.9229098805646037,0.8429098805646037
0.08,fixed,20,100,75,0.8940117283526501,0.8140117283526501,0.9207383279044516,0.8407383279044517
0.08,fixed,20,100,76,0.8968138588737838,0.8168138588737839,0.9218241042345277,0.8418241042345277
0.08,fixed,20,100,77,0.882293470912219,0.802293470912219,0.9196525515743756,0.8396525515743757
0.08,fixed,20,100,78,0.9183442217845917,0.8383442217845918,0.9131378935939196,0.8331378935939197
0.08,fixed,20,100,79,0.8911110319004295,0.8111110319004295,0.9250814332247557,0.8450814332247557
0.08,fixed,20,100,80,0.9208602125405163,0.8408602125405163,0.9185667752442996,0.8385667752442997
0.08,fixed,20,100,81,0.9038337836740838,0.8238337836740839,0.9239956568946797,0.8439956568946797
0.08,fixed,20,100,82,0.9232812492914528,0.8432812492914529,0.9218241042345277,0.8418241042345277
0.08,fixed,20,100,83,0.9059426732295504,0.8259426732295504,0.9261672095548317,0.8461672095548317
0.08,fixed,20,100,84,0.9349221734578402,0.8549221734578403,0.9272529858849077,0.8472529858849077
0.08,fixed,20,100,85,0.9058824049578533,0.8258824049578534,0.9098805646036916,0.8298805646036916
0.08,fixed,20,100,86,0.9108882509426809,0.8308882509426809,0.9153094462540716,0.8353094462540717
0.08,fixed,20,100,87,0.8913586328037696,0.8113586328037696,0.9185667752442996,0.8385667752442997
0.08,fixed,20,100,88,0.9195731934058877,0.8395731934058878,0.9163952225841476,0.8363952225841477
0.08,fixed,20,100,89,0.9233649945160678,0.8433649945160678,0.9337676438653637,0.8537676438653637
0.08,fixed,20,100,90,0.9210785121023051,0.8410785121023051,0.9250814332247557,0.8450814332247557
0.08,fixed,20,100,91,0.9335207770075203,0.8535207770075204,0.9315960912052117,0.8515960912052117
0.08,fixed,20,100,92,0.894163532019855,0.814163532019855,0.9022801302931596,0.8222801302931596
0.08,fixed,20,100,93,0.916938447538318,0.836938447538318,0.9218241042345277,0.8418241042345277
0.08,fixed,20,100,94,0.8831182539971599,0.80311825399716,0.9109663409337676,0.8309663409337676
0.08,fixed,20,100,95,0.9242907315353951,0.8442907315353951,0.9337676438653637,0.8537676438653637
0.08,fixed,20,100,96,0.9235495139865101,0.8435495139865101,0.9142236699239956,0.8342236699239957
0.08,fixed,20,100,97,0.9215423219743405,0.8415423219743405,0.9163952225841476,0.8363952225841477
0.08,fixed,20,100,98,0.9470477502177715,0.8670477502177716,0.9337676438653637,0.8537676438653637
0.08,fixed,20,100,99,0.8832761062192649,0.8032761062192649,0.9001085776330076,0.8201085776330076
0.08,fixed,20,100,100,0.914498920803374,0.8344989208033741,0.9272529858849077,0.8472529858849077
0.08,fixed,30,100,1,0.9202825157754592,0.8402825157754592,0.9196525515743756,0.8396525515743757
0.08,fixed,30,100,2,0.8906152156304146,0.8106152156304146,0.9163952225841476,0.8363952225841477
0.08,fixed,30,100,3,0.9153151493950891,0.8353151493950891,0.9250814332247557,0.8450814332247557
0.08,fixed,30,100,4,0.8972471608491561,0.8172471608491562,0.9087947882736156,0.8287947882736156
0.08,fixed,30,100,5,0.9399989606318093,0.8599989606318094,0.9272529858849077,0.8472529858849077
0.08,fixed,30,100,6,0.9562919387188547,0.8762919387188547,0.9239956568946797,0.8439956568946797
0.08,fixed,30,100,7,0.8993257622396071,0.8193257622396072,0.9196525515743756,0.8396525515743757
0.08,fixed,30,100,8,0.9252871211788561,0.8452871211788562,0.9207383279044516,0.8407383279044517
0.08,fixed,30,100,9,0.9026105886305641,0.8226105886305641,0.9066232356134636,0.8266232356134636
0.08,fixed,30,100,10,0.8857612362783807,0.8057612362783807,0.9207383279044516,0.8407383279044517
0.08,fixed,30,100,11,0.9314206377982498,0.8514206377982498,0.9337676438653637,0.8537676438653637
0.08,fixed,30,100,12,0.9083234660235898,0.8283234660235899,0.9196525515743756,0.8396525515743757
0.08,fixed,30,100,13,0.9098982064475094,0.8298982064475094,0.9142236699239956,0.8342236699239957
0.08,fixed,30,100,14,0.9218085417914139,0.841808541791414,0.9359391965255157,0.8559391965255158
0.08,fixed,30,100,15,0.9216431386011017,0.8416431386011017,0.9250814332247557,0.8450814332247557
0.08,fixed,30,100,16,0.9170801372097066,0.8370801372097066,0.9022801302931596,0.8222801302931596
0.08,fixed,30,100,17,0.918794344368024,0.838794344368024,0.9229098805646037,0.8429098805646037
0.08,fixed,30,100,18,0.9074979538159907,0.8274979538159908,0.9163952225841476,0.8363952225841477
0.08,fixed,30,100,19,0.8913388430569,0.8113388430569001,0.9109663409337676,0.8309663409337676
0.08,fixed,30,100,20,0.9276985556796405,0.8476985556796406,0.9261672095548317,0.8461672095548317
0.08,fixed,30,100,21,0.9179617395418619,0.8379617395418619,0.9077090119435396,0.8277090119435396
0.08,fixed,30,100,22,0.8823482296539296,0.8023482296539296,0.9055374592833876,0.8255374592833876
0.08,fixed,30,100,23,0.8944592973998019,0.8144592973998019,0.9185667752442996,0.8385667752442997
0.08,fixed,30,100,24,0.9293603513300378,0.8493603513300378,0.9370249728555917,0.8570249728555918
0.08,fixed,30,100,25,0.911540291588715,0.831540291588715,0.9163952225841476,0.8363952225841477
0.08,fixed,30,100,26,0.9240076504187156,0.8440076504187156,0.9294245385450597,0.8494245385450597
0.08,fixed,30,100,27,0.9446640882545442,0.8646640882545442,0.9239956568946797,0.8439956568946797
0.08,fixed,30,100,28,0.9185912329728194,0.8385912329728195,0.9261672095548317,0.8461672095548317
0.08,fixed,30,100,29,0.9206104584462528,0.8406104584462528,0.9207383279044516,0.8407383279044517
0.08,fixed,30,100,30,0.9061107551144393,0.8261107551144393,0.9196525515743756,0.8396525515743757
0.08,fixed,30,100,31,0.906013825334413,0.826013825334413,0.9261672095548317,0.8461672095548317
0.08,fixed,30,100,32,0.9069559054842701,0.8269559054842701,0.9283387622149837,0.8483387622149837
0.08,fixed,30,100,33,0.8765099541686496,0.7965099541686497,0.9044516829533116,0.8244516829533116
0.08,fixed,30,100,34,0.9208760625787246,0.8408760625787246,0.9250814332247557,0.8450814332247557
0.08,fixed,30,100,35,0.8919261503510393,0.8119261503510393,0.9174809989142236,0.8374809989142237
0.08,fixed,30,100,36,0.9094075983404639,0.829407598340464,0.9120521172638436,0.8320521172638436
0.08,fixed,30,100,37,0.9036363652923328,0.8236363652923329,0.9207383279044516,0.8407383279044517
0.08,fixed,30,100,38,0.8800469684086237,0.8000469684086238,0.9055374592833876,0.8255374592833876
0.08,fixed,30,100,39,0.9322395648282452,0.8522395648282453,0.9218241042345277,0.8418241042345277
0.08,fixed,30,100,40,0.9087501598957743,0.8287501598957744,0.9087947882736156,0.8287947882736156
0.08,fixed,30,100,41,0.9654946428792592,0.8854946428792593,0.9239956568946797,0.8439956568946797
0.08,fixed,30,100,42,0.925094227158086,0.845094227158086,0.9185667752442996,0.8385667752442997
0.08,fixed,30,100,43,0.8988874485045084,0.8188874485045085,0.9185667752442996,0.8385667752442997
0.08,fixed,30,100,44,0.9103051141638603,0.8303051141638603,0.9272529858849077,0.8472529858849077
0.08,fixed,30,100,45,0.8901586388213995,0.8101586388213995,0.9066232356134636,0.8266232356134636
0.08,fixed,30,100,46,0.911694706411483,0.831694706411483,0.9153094462540716,0.8353094462540717
0.08,fixed,30,100,47,0.9283431195386667,0.8483431195386667,0.9261672095548317,0.8461672095548317
0.08,fixed,30,100,48,0.9215032966716812,0.8415032966716812,0.9250814332247557,0.8450814332247557
0.08,fixed,30,100,49,0.9091622521288,0.8291622521288,0.8914223669923995,0.8114223669923996
0.08,fixed,30,100,50,0.9018518092365485,0.8218518092365485,0.9348534201954397,0.8548534201954398
0.08,fixed,30,100,51,0.8958322645769716,0.8158322645769717,0.9174809989142236,0.8374809989142237
0.08,fixed,30,100,52,0.907824471291194,0.8278244712911941,0.9153094462540716,0.8353094462540717
0.08,fixed,30,100,53,0.9065540943629079,0.8265540943629079,0.9196525515743756,0.8396525515743757
0.08,fixed,30,100,54,0.9048406974358792,0.8248406974358793,0.9163952225841476,0.8363952225841477
0.08,fixed,30,100,55,0.9040424480873432,0.8240424480873433,0.9196525515743756,0.8396525515743757
0.08,fixed,30,100,56,0.8960958988360217,0.8160958988360217,0.9229098805646037,0.8429098805646037
0.08,fixed,30,100,57,0.9237461607197278,0.8437461607197279,0.9283387622149837,0.8483387622149837
0.08,fixed,30,100,58,0.9185045556342651,0.8385045556342652,0.9239956568946797,0.8439956568946797
0.08,fixed,30,100,59,0.9155667817312847,0.8355667817312847,0.9185667752442996,0.8385667752442997
0.08,fixed,30,100,60,0.9259520712354781,0.8459520712354781,0.9174809989142236,0.8374809989142237
0.08,fixed,30,100,61,0.9046960366903144,0.8246960366903144,0.9272529858849077,0.8472529858849077
0.08,fixed,30,100,62,0.9096685511834367,0.8296685511834367,0.9066232356134636,0.8266232356134636
0.08,fixed,30,100,63,0.9363013519462389,0.8563013519462389,0.9153094462540716,0.8353094462540717
0.08,fixed,30,100,64,0.9035520552132782,0.8235520552132782,0.9174809989142236,0.8374809989142237
0.08,fixed,30,100,65,0.9413659775412484,0.8613659775412484,0.9153094462540716,0.8353094462540717
0.08,fixed,30,100,66,0.9250938612711834,0.8450938612711835,0.9272529858849077,0.8472529858849077
0.08,fixed,30,100,67,0.9361237966279797,0.8561237966279798,0.9294245385450597,0.8494245385450597
0.08,fixed,30,100,68,0.9221058078974187,0.8421058078974187,0.9142236699239956,0.8342236699239957
0.08,fixed,30,100,69,0.9108011302787521,0.8308011302787521,0.9087947882736156,0.8287947882736156
0.08,fixed,30,100,70,0.8962786692057805,0.8162786692057805,0.9087947882736156,0.8287947882736156
0.08,fixed,30,100,71,0.9042709986202849,0.824270998620285,0.9185667752442996,0.8385667752442997
0.08,fixed,30,100,72,0.9142389630717458,0.8342389630717458,0.9250814332247557,0.8450814332247557
0.08,fixed,30,100,73,0.9229226351097708,0.8429226351097708,0.9261672095548317,0.8461672095548317
0.08,fixed,30,100,74,0.9116379370324912,0.8316379370324912,0.9229098805646037,0.8429098805646037
0.08,fixed,30,100,75,0.9239823716246728,0.8439823716246728,0.9185667752442996,0.8385667752442997
0.08,fixed,30,100,76,0.912305892003204,0.832305892003204,0.9131378935939196,0.8331378935939197
0.08,fixed,30,100,77,0.9251214081900824,0.8451214081900824,0.9229098805646037,0.8429098805646037
0.08,fixed,30,100,78,0.9063240745300782,0.8263240745300783,0.9153094462540716,0.8353094462540717
0.08,fixed,30,100,79,0.9466698659960909,0.866669865996091,0.9391965255157437,0.8591965255157438
0.08,fixed,30,100,80,0.916116855028537,0.836116855028537,0.9305103148751357,0.8505103148751357
0.08,fixed,30,100,81,0.9182737408089309,0.8382737408089309,0.9239956568946797,0.8439956568946797
0.08,fixed,30,100,82,0.917549566435222,0.837549566435222,0.9153094462540716,0.8353094462540717
0.08,fixed,30,100,83,0.9136798375981883,0.8336798375981883,0.9272529858849077,0.8472529858849077
0.08,fixed,30,100,84,0.910625313037027,0.830625313037027,0.9163952225841476,0.8363952225841477
0.08,fixed,30,100,85,0.8783736562587393,0.7983736562587394,0.9131378935939196,0.8331378935939197
0.08,fixed,30,100,86,0.9213315691541243,0.8413315691541243,0.9207383279044516,0.8407383279044517
0.08,fixed,30,100,87,0.9039982246379168,0.8239982246379168,0.9022801302931596,0.8222801302931596
0.08,fixed,30,100,88,0.9269913288029962,0.8469913288029962,0.9066232356134636,0.8266232356134636
0.08,fixed,30,100,89,0.8896215662886975,0.8096215662886975,0.9272529858849077,0.8472529858849077
0.08,fixed,30,100,90,0.9090760403162145,0.8290760403162145,0.9305103148751357,0.8505103148751357
0.08,fixed,30,100,91,0.9151787990888777,0.8351787990888777,0.9011943539630836,0.8211943539630836
0.08,fixed,30,100,92,0.9260561338132465,0.8460561338132465,0.9261672095548317,0.8461672095548317
0.08,fixed,30,100,93,0.9198744707072865,0.8398744707072865,0.9174809989142236,0.8374809989142237
0.08,fixed,30,100,94,0.9238168686787087,0.8438168686787088,0.9098805646036916,0.8298805646036916
0.08,fixed,30,100,95,0.9000601441035513,0.8200601441035513,0.9218241042345277,0.8418241042345277
0.08,fixed,30,100,96,0.930079239529958,0.850079239529958,0.9109663409337676,0.8309663409337676
0.08,fixed,30,100,97,0.922380140211446,0.842380140211446,0.9239956568946797,0.8439956568946797
0.08,fixed,30,100,98,0.8941420383871836,0.8141420383871837,0.9196525515743756,0.8396525515743757
0.08,fixed,30,100,99,0.9271254854174323,0.8471254854174324,0.9294245385450597,0.8494245385450597
0.08,fixed,30,100,100,0.9116952068417655,0.8316952068417656,0.9218241042345277,0.8418241042345277
0.08,fixed,40,100,1,0.8992406019731635,0.8192406019731635,0.9315960912052117,0.8515960912052117
0.08,fixed,40,100,2,0.9353010657918891,0.8553010657918891,0.9098805646036916,0.8298805646036916
0.08,fixed,40,100,3,0.9358499697709872,0.8558499697709873,0.9326818675352877,0.8526818675352877
0.08,fixed,40,100,4,0.9303838683417608,0.8503838683417608,0.9315960912052117,0.8515960912052117
0.08,fixed,40,100,5,0.9009499999133784,0.8209499999133785,0.9185667752442996,0.8385667752442997
0.08,fixed,40,100,6,0.9119975113751431,0.8319975113751431,0.9229098805646037,0.8429098805646037
0.08,fixed,40,100,7,0.9172843293217962,0.8372843293217962,0.9326818675352877,0.8526818675352877
0.08,fixed,40,100,8,0.89837700477356,0.81837700477356,0.9055374592833876,0.8255374592833876
0.08,fixed,40,100,9,0.9115787603434753,0.8315787603434753,0.9087947882736156,0.8287947882736156
0.08,fixed,40,100,10,0.8912465040736626,0.8112465040736626,0.9250814332247557,0.8450814332247557
0.08,fixed,40,100,11,0.9034152344220733,0.8234152344220733,0.9087947882736156,0.8287947882736156
0.08,fixed,40,100,12,0.9407787277545092,0.8607787277545093,0.9174809989142236,0.8374809989142237
0.08,fixed,40,100,13,0.9138471814657138,0.8338471814657138,0.9305103148751357,0.8505103148751357
0.08,fixed,40,100,14,0.9105924944128152,0.8305924944128152,0.9131378935939196,0.8331378935939197
0.08,fixed,40,100,15,0.8990468662074741,0.8190468662074741,0.8957654723127035,0.8157654723127036
0.08,fixed,40,100,16,0.9211607456851834,0.8411607456851834,0.9174809989142236,0.8374809989142237
0.08,fixed,40,100,17,0.9135335345354815,0.8335335345354815,0.9218241042345277,0.8418241042345277
0.08,fixed,40,100,18,0.8698227577075596,0.7898227577075596,0.9142236699239956,0.8342236699239957
0.08,fixed,40,100,19,0.914142337737914,0.834142337737914,0.9174809989142236,0.8374809989142237
0.08,fixed,40,100,20,0.9043937888662991,0.8243937888662991,0.8968512486427795,0.8168512486427796
0.08,fixed,40,100,21,0.9036066081553702,0.8236066081553702,0.9229098805646037,0.8429098805646037
0.08,fixed,40,100,22,0.9138346568617448,0.8338346568617448,0.9207383279044516,0.8407383279044517
0.08,fixed,40,100,23,0.9101266065329608,0.8301266065329609,0.9131378935939196,0.8331378935939197
0.08,fixed,40,100,24,0.917537652661567,0.837537652661567,0.9022801302931596,0.8222801302931596
0.08,fixed,40,100,25,0.9139675696616244,0.8339675696616244,0.9272529858849077,0.8472529858849077
0.08,fixed,40,100,26,0.9127895938211366,0.8327895938211366,0.9142236699239956,0.8342236699239957
0.08,fixed,40,100,27,0.9061745382301882,0.8261745382301883,0.9250814332247557,0.8450814332247557
0.08,fixed,40,100,28,0.9267587694881745,0.8467587694881745,0.9207383279044516,0.8407383279044517
0.08,fixed,40,100,29,0.9064941865813987,0.8264941865813987,0.9261672095548317,0.8461672095548317
0.08,fixed,40,100,30,0.8927852982464298,0.8127852982464299,0.9185667752442996,0.8385667752442997
0.08,fixed,40,100,31,0.8909878341326039,0.8109878341326039,0.9077090119435396,0.8277090119435396
0.08,fixed,40,100,32,0.8953010584701432,0.8153010584701432,0.9055374592833876,0.8255374592833876
0.08,fixed,40,100,33,0.8948625992242887,0.8148625992242887,0.9120521172638436,0.8320521172638436
0.08,fixed,40,100,34,0.9473433886427319,0.867343388642732,0.9326818675352877,0.8526818675352877
0.08,fixed,40,100,35,0.9055709537432923,0.8255709537432924,0.9098805646036916,0.8298805646036916
0.08,fixed,40,100,36,0.9070010031902713,0.8270010031902714,0.9055374592833876,0.8255374592833876
0.08,fixed,40,100,37,0.9221787575172139,0.8421787575172139,0.9272529858849077,0.8472529858849077
0.08,fixed,40,100,38,0.9050170681863436,0.8250170681863437,0.9207383279044516,0.8407383279044517
0.08,fixed,40,100,39,0.9399646693012751,0.8599646693012751,0.9196525515743756,0.8396525515743757
0.08,fixed,40,100,40,0.9406166766673899,0.86061667666739,0.9294245385450597,0.8494245385450597
0.08,fixed,40,100,41,0.8894098928172759,0.8094098928172759,0.9153094462540716,0.8353094462540717
0.08,fixed,40,100,42,0.9553886742060302,0.8753886742060303,0.9326818675352877,0.8526818675352877
0.08,fixed,40,100,43,0.9179145019042934,0.8379145019042934,0.9185667752442996,0.8385667752442997
0.08,fixed,40,100,44,0.9042922725411217,0.8242922725411217,0.9305103148751357,0.8505103148751357
0.08,fixed,40,100,45,0.9036431474773985,0.8236431474773985,0.9131378935939196,0.8331378935939197
0.08,fixed,40,100,46,0.9185220530555805,0.8385220530555806,0.9142236699239956,0.8342236699239957
0.08,fixed,40,100,47,0.9171562549735233,0.8371562549735233,0.9185667752442996,0.8385667752442997
0.08,fixed,40,100,48,0.9525740634819029,0.8725740634819029,0.9348534201954397,0.8548534201954398
0.08,fixed,40,100,49,0.9003119612725323,0.8203119612725324,0.9196525515743756,0.8396525515743757
0.08,fixed,40,100,50,0.9368948901554564,0.8568948901554564,0.9142236699239956,0.8342236699239957
0.08,fixed,40,100,51,0.927088146071615,0.8470881460716151,0.9011943539630836,0.8211943539630836
0.08,fixed,40,100,52,0.9094737352029256,0.8294737352029257,0.9218241042345277,0.8418241042345277
0.08,fixed,40,100,53,0.8906209128498584,0.8106209128498585,0.9131378935939196,0.8331378935939197
0.08,fixed,40,100,54,0.9281603655395658,0.8481603655395659,0.9055374592833876,0.8255374592833876
0.08,fixed,40,100,55,0.9004231923976646,0.8204231923976646,0.9087947882736156,0.8287947882736156
0.08,fixed,40,100,56,0.9470474903142498,0.8670474903142499,0.9207383279044516,0.8407383279044517
0.08,fixed,40,100,57,0.9208520686660351,0.8408520686660351,0.9142236699239956,0.8342236699239957
0.08,fixed,40,100,58,0.9323405006086681,0.8523405006086682,0.9229098805646037,0.8429098805646037
0.08,fixed,40,100,59,0.9044211557920101,0.8244211557920101,0.9120521172638436,0.8320521172638436
0.08,fixed,40,100,60,0.9260439204778103,0.8460439204778103,0.9153094462540716,0.8353094462540717
0.08,fixed,40,100,61,0.9298689864876503,0.8498689864876503,0.9087947882736156,0.8287947882736156
0.08,fixed,40,100,62,0.9209319388174603,0.8409319388174603,0.9250814332247557,0.8450814332247557
0.08,fixed,40,100,63,0.9414741818941413,0.8614741818941414,0.9196525515743756,0.8396525515743757
0.08,fixed,40,100,64,0.9195612351827642,0.8395612351827643,0.9207383279044516,0.8407383279044517
0.08,fixed,40,100,65,0.8904581118000882,0.8104581118000882,0.9055374592833876,0.8255374592833876
0.08,fixed,40,100,66,0.9480860416728327,0.8680860416728328,0.9229098805646037,0.8429098805646037
0.08,fixed,40,100,67,0.9007668613183912,0.8207668613183913,0.9207383279044516,0.8407383279044517
0.08,fixed,40,100,68,0.9127036428203221,0.8327036428203222,0.9207383279044516,0.8407383279044517
0.08,fixed,40,100,69,0.9110252484067194,0.8310252484067194,0.9174809989142236,0.8374809989142237
0.08,fixed,40,100,70,0.9306589430023032,0.8506589430023033,0.9250814332247557,0.8450814332247557
0.08,fixed,40,100,71,0.9148492078741867,0.8348492078741867,0.9098805646036916,0.8298805646036916
0.08,fixed,40,100,72,0.9045186671664054,0.8245186671664054,0.9218241042345277,0.8418241042345277
0.08,fixed,40,100,73,0.9100936224681342,0.8300936224681342,0.9218241042345277,0.8418241042345277
0.08,fixed,40,100,74,0.9261850108890275,0.8461850108890275,0.9207383279044516,0.8407383279044517
0.08,fixed,40,100,75,0.8855000674449254,0.8055000674449254,0.9044516829533116,0.8244516829533116
0.08,fixed,40,100,76,0.9164270870656509,0.8364270870656509,0.9174809989142236,0.8374809989142237
0.08,fixed,40,100,77,0.8961986656425875,0.8161986656425876,0.8925081433224755,0.8125081433224756
0.08,fixed,40,100,78,0.944279023406502,0.8642790234065021,0.9218241042345277,0.8418241042345277
0.08,fixed,40,100,79,0.9188431572067403,0.8388431572067403,0.9066232356134636,0.8266232356134636
0.08,fixed,40,100,80,0.90879299255247,0.8287929925524701,0.9098805646036916,0.8298805646036916
0.08,fixed,40,100,81,0.8978072834796469,0.8178072834796469,0.9174809989142236,0.8374809989142237
0.08,fixed,40,100,82,0.9054762641841638,0.8254762641841639,0.9272529858849077,0.8472529858849077
0.08,fixed,40,100,83,0.9139659470625775,0.8339659470625775,0.9153094462540716,0.8353094462540717
0.08,fixed,40,100,84,0.9183747405122517,0.8383747405122517,0.9218241042345277,0.8418241042345277
0.08,fixed,40,100,85,0.9093291701324573,0.8293291701324573,0.9250814332247557,0.8450814332247557
0.08,fixed,40,100,86,0.9190974847789921,0.8390974847789922,0.9022801302931596,0.8222801302931596
0.08,fixed,40,100,87,0.902976080033325,0.822976080033325,0.9174809989142236,0.8374809989142237
0.08,fixed,40,100,88,0.8985371584559708,0.8185371584559709,0.9239956568946797,0.8439956568946797
0.08,fixed,40,100,89,0.895184396799254,0.815184396799254,0.9066232356134636,0.8266232356134636
0.08,fixed,40,100,90,0.9008518035926432,0.8208518035926432,0.9066232356134636,0.8266232356134636
0.08,fixed,40,100,91,0.8854161692701101,0.8054161692701102,0.9196525515743756,0.8396525515743757
0.08,fixed,40,100,92,0.9126944390267875,0.8326944390267875,0.9033659066232356,0.8233659066232356
0.08,fixed,40,100,93,0.9130838214327334,0.8330838214327334,0.9250814332247557,0.8450814332247557
0.08,fixed,40,100,94,0.9218387811953495,0.8418387811953495,0.9218241042345277,0.8418241042345277
0.08,fixed,40,100,95,0.9365555064609952,0.8565555064609952,0.9153094462540716,0.8353094462540717
0.08,fixed,40,100,96,0.9158116050770492,0.8358116050770492,0.9315960912052117,0.8515960912052117
0.08,fixed,40,100,97,0.9099514295188255,0.8299514295188255,0.9239956568946797,0.8439956568946797
0.08,fixed,40,100,98,0.9298635091542707,0.8498635091542708,0.9098805646036916,0.8298805646036916
0.08,fixed,40,100,99,0.9339022870068474,0.8539022870068474,0.9142236699239956,0.8342236699239957
0.08,fixed,40,100,100,0.9061119007993568,0.8261119007993568,0.9109663409337676,0.8309663409337676
0.08,fixed,50,100,1,0.9040437404514385,0.8240437404514386,0.9196525515743756,0.8396525515743757
0.08,fixed,50,100,2,0.8960088315760819,0.816008831576082,0.9109663409337676,0.8309663409337676
0.08,fixed,50,100,3,0.924330132757851,0.8443301327578511,0.9098805646036916,0.8298805646036916
0.08,fixed,50,100,4,0.902642012375436,0.822642012375436,0.9153094462540716,0.8353094462540717
0.08,fixed,50,100,5,0.896381874457634,0.816381874457634,0.9044516829533116,0.8244516829533116
0.08,fixed,50,100,6,0.9316780312247823,0.8516780312247824,0.9348534201954397,0.8548534201954398
0.08,fixed,50,100,7,0.9078879378983853,0.8278879378983853,0.9120521172638436,0.8320521172638436
0.08,fixed,50,100,8,0.9294483045498493,0.8494483045498493,0.9153094462540716,0.8353094462540717
0.08,fixed,50,100,9,0.9129859069431856,0.8329859069431856,0.9098805646036916,0.8298805646036916
0.08,fixed,50,100,10,0.9299994514326648,0.8499994514326649,0.9218241042345277,0.8418241042345277
0.08,fixed,50,100,11,0.9312001244198865,0.8512001244198866,0.9077090119435396,0.8277090119435396
0.08,fixed,50,100,12,0.9061652274180653,0.8261652274180653,0.9055374592833876,0.8255374592833876
0.08,fixed,50,100,13,0.9325429215403906,0.8525429215403907,0.9120521172638436,0.8320521172638436
0.08,fixed,50,100,14,0.928924944542868,0.848924944542868,0.9087947882736156,0.8287947882736156
0.08,fixed,50,100,15,0.9054781084431558,0.8254781084431558,0.9370249728555917,0.8570249728555918
0.08,fixed,50,100,16,0.9194203344552224,0.8394203344552225,0.9196525515743756,0.8396525515743757
0.08,fixed,50,100,17,0.9151217956851421,0.8351217956851421,0.9044516829533116,0.8244516829533116
0.08,fixed,50,100,18,0.8949504441591554,0.8149504441591554,0.9055374592833876,0.8255374592833876
0.08,fixed,50,100,19,0.9317222572389661,0.8517222572389661,0.9163952225841476,0.8363952225841477
0.08,fixed,50,100,20,0.9135241502079693,0.8335241502079693,0.9229098805646037,0.8429098805646037
0.08,fixed,50,100,21,0.9039856471129625,0.8239856471129625,0.9207383279044516,0.8407383279044517
0.08,fixed,50,100,22,0.9042635814445563,0.8242635814445564,0.9066232356134636,0.8266232356134636
0.08,fixed,50,100,23,0.9312127616817454,0.8512127616817454,0.8892508143322475,0.8092508143322475
0.08,fixed,50,100,24,0.9136906546188617,0.8336906546188617,0.9218241042345277,0.8418241042345277
0.08,fixed,50,100,25,0.9172459820848762,0.8372459820848762,0.9120521172638436,0.8320521172638436
0.08,fixed,50,100,26,0.8966818928121139,0.8166818928121139,0.9218241042345277,0.8418241042345277
0.08,fixed,50,100,27,0.8939252534983602,0.8139252534983602,0.8925081433224755,0.8125081433224756
0.08,fixed,50,100,28,0.9074709230686374,0.8274709230686375,0.9294245385450597,0.8494245385450597
0.08,fixed,50,100,29,0.9205022397595075,0.8405022397595076,0.9250814332247557,0.8450814332247557
0.08,fixed,50,100,30,0.9328919095682041,0.8528919095682042,0.9272529858849077,0.8472529858849077
0.08,fixed,50,100,31,0.9289000890970118,0.8489000890970119,0.9142236699239956,0.8342236699239957
0.08,fixed,50,100,32,0.9269061770102102,0.8469061770102102,0.9229098805646037,0.8429098805646037
0.08,fixed,50,100,33,0.9187620734214196,0.8387620734214196,0.9218241042345277,0.8418241042345277
0.08,fixed,50,100,34,0.9233833608722076,0.8433833608722077,0.9153094462540716,0.8353094462540717
0.08,fixed,50,100,35,0.9606560492644888,0.8806560492644888,0.9077090119435396,0.8277090119435396
0.08,fixed,50,100,36,0.9278273840045369,0.8478273840045369,0.9185667752442996,0.8385667752442997
0.08,fixed,50,100,37,0.9116221011786446,0.8316221011786447,0.9077090119435396,0.8277090119435396
0.08,fixed,50,100,38,0.9301338751371503,0.8501338751371503,0.9348534201954397,0.8548534201954398
0.08,fixed,50,100,39,0.8939283311733531,0.8139283311733532,0.9218241042345277,0.8418241042345277
0.08,fixed,50,100,40,0.9011760722884321,0.8211760722884321,0.9022801302931596,0.8222801302931596
0.08,fixed,50,100,41,0.9179142468583994,0.8379142468583994,0.9131378935939196,0.8331378935939197
0.08,fixed,50,100,42,0.9153389698999486,0.8353389698999486,0.9229098805646037,0.8429098805646037
0.08,fixed,50,100,43,0.9085607497464074,0.8285607497464075,0.9011943539630836,0.8211943539630836
0.08,fixed,50,100,44,0.9285864659805203,0.8485864659805203,0.9424538545059717,0.8624538545059718
0.08,fixed,50,100,45,0.9055819310369917,0.8255819310369917,0.9229098805646037,0.8429098805646037
0.08,fixed,50,100,46,0.8969401875783237,0.8169401875783238,0.8979370249728555,0.8179370249728556
0.08,fixed,50,100,47,0.8900685449609391,0.8100685449609392,0.9044516829533116,0.8244516829533116
0.08,fixed,50,100,48,0.9415345383744532,0.8615345383744533,0.9261672095548317,0.8461672095548317
0.08,fixed,50,100,49,0.9560694702853239,0.8760694702853239,0.9153094462540716,0.8353094462540717
0.08,fixed,50,100,50,0.9089029994820677,0.8289029994820677,0.9239956568946797,0.8439956568946797
0.08,fixed,50,100,51,0.9200989101312581,0.8400989101312581,0.9250814332247557,0.8450814332247557
0.08,fixed,50,100,52,0.9524577791099611,0.8724577791099611,0.9229098805646037,0.8429098805646037
0.08,fixed,50,100,53,0.9073907234622319,0.827390723462232,0.9011943539630836,0.8211943539630836
0.08,fixed,50,100,54,0.9024688750974336,0.8224688750974336,0.9120521172638436,0.8320521172638436
0.08,fixed,50,100,55,0.9247070396739449,0.8447070396739449,0.9066232356134636,0.8266232356134636
0.08,fixed,50,100,56,0.9187472853800296,0.8387472853800296,0.9066232356134636,0.8266232356134636
0.08,fixed,50,100,57,0.9259185385968665,0.8459185385968665,0.9229098805646037,0.8429098805646037
0.08,fixed,50,100,58,0.9288493765789327,0.8488493765789328,0.9055374592833876,0.8255374592833876
0.08,fixed,50,100,59,0.9358813474657169,0.855881347465717,0.9131378935939196,0.8331378935939197
0.08,fixed,50,100,60,0.9342664291091013,0.8542664291091013,0.9185667752442996,0.8385667752442997
0.08,fixed,50,100,61,0.9070107639739923,0.8270107639739923,0.9120521172638436,0.8320521172638436
0.08,fixed,50,100,62,0.9060174007173518,0.8260174007173519,0.9066232356134636,0.8266232356134636
0.08,fixed,50,100,63,0.9390829116180899,0.8590829116180899,0.9185667752442996,0.8385667752442997
0.08,fixed,50,100,64,0.8962453418491395,0.8162453418491395,0.9142236699239956,0.8342236699239957
0.08,fixed,50,100,65,0.9002465107619234,0.8202465107619235,0.9077090119435396,0.8277090119435396
0.08,fixed,50,100,66,0.9094201461892036,0.8294201461892037,0.9098805646036916,0.8298805646036916
0.08,fixed,50,100,67,0.912368708585458,0.8323687085854581,0.9131378935939196,0.8331378935939197
0.08,fixed,50,100,68,0.908802497253877,0.828802497253877,0.9185667752442996,0.8385667752442997
0.08,fixed,50,100,69,0.8901405640110701,0.8101405640110702,0.9077090119435396,0.8277090119435396
0.08,fixed,50,100,70,0.9503112551658128,0.8703112551658129,0.9207383279044516,0.8407383279044517
0.08,fixed,50,100,71,0.9535477635176756,0.8735477635176756,0.9218241042345277,0.8418241042345277
0.08,fixed,50,100,72,0.9015661261641967,0.8215661261641968,0.9109663409337676,0.8309663409337676
0.08,fixed,50,100,73,0.9222305907857363,0.8422305907857364,0.9033659066232356,0.8233659066232356
0.08,fixed,50,100,74,0.9233895290919768,0.8433895290919768,0.9142236699239956,0.8342236699239957
0.08,fixed,50,100,75,0.9034116077817667,0.8234116077817667,0.9207383279044516,0.8407383279044517
0.08,fixed,50,100,76,0.8947948068843774,0.8147948068843774,0.8946796959826275,0.8146796959826276
0.08,fixed,50,100,77,0.8946172294246278,0.8146172294246279,0.9120521172638436,0.8320521172638436
0.08,fixed,50,100,78,0.9149647025052036,0.8349647025052036,0.9044516829533116,0.8244516829533116
0.08,fixed,50,100,79,0.9296421595775185,0.8496421595775185,0.9174809989142236,0.8374809989142237
0.08,fixed,50,100,80,0.9049303280574581,0.8249303280574581,0.9283387622149837,0.8483387622149837
0.08,fixed,50,100,81,0.8871564062771943,0.8071564062771943,0.9250814332247557,0.8450814332247557
0.08,fixed,50,100,82,0.9242216752977833,0.8442216752977834,0.9153094462540716,0.8353094462540717
0.08,fixed,50,100,83,0.9347254360192263,0.8547254360192263,0.9196525515743756,0.8396525515743757
0.08,fixed,50,100,84,0.9431888626392098,0.8631888626392098,0.9131378935939196,0.8331378935939197
0.08,fixed,50,100,85,0.9223396411273552,0.8423396411273553,0.9142236699239956,0.8342236699239957
0.08,fixed,50,100,86,0.9272043668758132,0.8472043668758132,0.9142236699239956,0.8342236699239957
0.08,fixed,50,100,87,0.9459013429175507,0.8659013429175507,0.9098805646036916,0.8298805646036916
0.08,fixed,50,100,88,0.8957663472457306,0.8157663472457306,0.9131378935939196,0.8331378935939197
0.08,fixed,50,100,89,0.9199215656864403,0.8399215656864404,0.9174809989142236,0.8374809989142237
0.08,fixed,50,100,90,0.9391231496655897,0.8591231496655898,0.9261672095548317,0.8461672095548317
0.08,fixed,50,100,91,0.9332764658778409,0.8532764658778409,0.9272529858849077,0.8472529858849077
0.08,fixed,50,100,92,0.9058739378600913,0.8258739378600913,0.9142236699239956,0.8342236699239957
0.08,fixed,50,100,93,0.9166764650303775,0.8366764650303775,0.8925081433224755,0.8125081433224756
0.08,fixed,50,100,94,0.9054746688707763,0.8254746688707764,0.9109663409337676,0.8309663409337676
0.08,fixed,50,100,95,0.9082271598326057,0.8282271598326058,0.9153094462540716,0.8353094462540717
0.08,fixed,50,100,96,0.9482317050038236,0.8682317050038236,0.9283387622149837,0.8483387622149837
0.08,fixed,50,100,97,0.9291639900402153,0.8491639900402154,0.9055374592833876,0.8255374592833876
0.08,fixed,50,100,98,0.8983397524170014,0.8183397524170014,0.9087947882736156,0.8287947882736156
0.08,fixed,50,100,99,0.9033470753176549,0.8233470753176549,0.9153094462540716,0.8353094462540717
0.08,fixed,50,100,100,0.9246847800777463,0.8446847800777464,0.9250814332247557,0.8450814332247557
0.08,fixed,60,100,1,0.9520307633208671,0.8720307633208672,0.9250814332247557,0.8450814332247557
0.08,fixed,60,100,2,0.9297096852329786,0.8497096852329786,0.9185667752442996,0.8385667752442997
0.08,fixed,60,100,3,0.9119792882198595,0.8319792882198596,0.9196525515743756,0.8396525515743757
0.08,fixed,60,100,4,0.92191926386847,0.84191926386847,0.9185667752442996,0.8385667752442997
0.08,fixed,60,100,5,0.9105464316524156,0.8305464316524156,0.9174809989142236,0.8374809989142237
0.08,fixed,60,100,6,0.98194632620376,0.90194632620376,0.9185667752442996,0.8385667752442997
0.08,fixed,60,100,7,0.8912029450522604,0.8112029450522604,0.9044516829533116,0.8244516829533116
0.08,fixed,60,100,8,0.9264953441658283,0.8464953441658284,0.9229098805646037,0.8429098805646037
0.08,fixed,60,100,9,0.9163176984875098,0.8363176984875098,0.9142236699239956,0.8342236699239957
0.08,fixed,60,100,10,0.9470978035834616,0.8670978035834617,0.9229098805646037,0.8429098805646037
0.08,fixed,60,100,11,0.9198088941329586,0.8398088941329587,0.9120521172638436,0.8320521172638436
0.08,fixed,60,100,12,0.9090955560545849,0.829095556054585,0.9163952225841476,0.8363952225841477
0.08,fixed,60,100,13,0.9157648937909099,0.8357648937909099,0.9305103148751357,0.8505103148751357
0.08,fixed,60,100,14,0.9272152628716583,0.8472152628716584,0.9131378935939196,0.8331378935939197
0.08,fixed,60,100,15,0.9165889861203432,0.8365889861203433,0.9066232356134636,0.8266232356134636
0.08,fixed,60,100,16,0.9351536501995477,0.8551536501995477,0.9229098805646037,0.8429098805646037
0.08,fixed,60,100,17,0.9142928905349886,0.8342928905349887,0.9120521172638436,0.8320521172638436
0.08,fixed,60,100,18,0.939019170876455,0.8590191708764551,0.9229098805646037,0.8429098805646037
0.08,fixed,60,100,19,0.915855773374205,0.835855773374205,0.9196525515743756,0.8396525515743757
0.08,fixed,60,100,20,0.9226095396339109,0.8426095396339109,0.9163952225841476,0.8363952225841477
0.08,fixed,60,100,21,0.9108009806058215,0.8308009806058215,0.9109663409337676,0.8309663409337676
0.08,fixed,60,100,22,0.9155555996305794,0.8355555996305795,0.8935939196525515,0.8135939196525516
0.08,fixed,60,100,23,0.8924683285985301,0.8124683285985301,0.9174809989142236,0.8374809989142237
0.08,fixed,60,100,24,0.9208596097972799,0.8408596097972799,0.9272529858849077,0.8472529858849077
0.08,fixed,60,100,25,0.9212615557351682,0.8412615557351683,0.9098805646036916,0.8298805646036916
0.08,fixed,60,100,26,0.9004343359110677,0.8204343359110677,0.9098805646036916,0.8298805646036916
0.08,fixed,60,100,27,0.9130152462326057,0.8330152462326057,0.9077090119435396,0.8277090119435396
0.08,fixed,60,100,28,0.9086634883519482,0.8286634883519483,0.9174809989142236,0.8374809989142237
0.08,fixed,60,100,29,0.9192962127735148,0.8392962127735148,0.9153094462540716,0.8353094462540717
0.08,fixed,60,100,30,0.9036378466345266,0.8236378466345267,0.9142236699239956,0.8342236699239957
0.08,fixed,60,100,31,0.9226261697768817,0.8426261697768818,0.9229098805646037,0.8429098805646037
0.08,fixed,60,100,32,0.9230524479319615,0.8430524479319615,0.9239956568946797,0.8439956568946797
0.08,fixed,60,100,33,0.9420841152696668,0.8620841152696669,0.9239956568946797,0.8439956568946797
0.08,fixed,60,100,34,0.9242740828920429,0.844274082892043,0.9098805646036916,0.8298805646036916
0.08,fixed,60,100,35,0.9233558074242915,0.8433558074242915,0.9109663409337676,0.8309663409337676
0.08,fixed,60,100,36,0.943107245973619,0.863107245973619,0.9055374592833876,0.8255374592833876
0.08,fixed,60,100,37,0.9420026969419055,0.8620026969419056,0.9229098805646037,0.8429098805646037
0.08,fixed,60,100,38,0.8879469783068007,0.8079469783068007,0.9001085776330076,0.8201085776330076
0.08,fixed,60,100,39,0.9268830007920339,0.8468830007920339,0.9174809989142236,0.8374809989142237
0.08,fixed,60,100,40,0.9272672003270195,0.8472672003270195,0.9077090119435396,0.8277090119435396
0.08,fixed,60,100,41,0.8960261204765012,0.8160261204765012,0.9098805646036916,0.8298805646036916
0.08,fixed,60,100,42,0.9284395777337349,0.8484395777337349,0.9142236699239956,0.8342236699239957
0.08,fixed,60,100,43,0.9066609164422219,0.826660916442222,0.9001085776330076,0.8201085776330076
0.08,fixed,60,100,44,0.902773391090488,0.8227733910904881,0.9109663409337676,0.8309663409337676
0.08,fixed,60,100,45,0.8983821279390669,0.818382127939067,0.9033659066232356,0.8233659066232356
0.08,fixed,60,100,46,0.9337318996792244,0.8537318996792245,0.9142236699239956,0.8342236699239957
0.08,fixed,60,100,47,0.9342874575924072,0.8542874575924072,0.9087947882736156,0.8287947882736156
0.08,fixed,60,100,48,0.9218895430598409,0.841889543059841,0.9142236699239956,0.8342236699239957
0.08,fixed,60,100,49,0.9304891001958607,0.8504891001958608,0.9120521172638436,0.8320521172638436
0.08,fixed,60,100,50,0.9295393951680765,0.8495393951680765,0.9196525515743756,0.8396525515743757
0.08,fixed,60,100,51,0.914586856203709,0.8345868562037091,0.9022801302931596,0.8222801302931596
0.08,fixed,60,100,52,0.9243391616374785,0.8443391616374786,0.9131378935939196,0.8331378935939197
0.08,fixed,60,100,53,0.9384559665510709,0.8584559665510709,0.9163952225841476,0.8363952225841477
0.08,fixed,60,100,54,0.9306644744552115,0.8506644744552115,0.9272529858849077,0.8472529858849077
0.08,fixed,60,100,55,0.8984984272701109,0.8184984272701109,0.9098805646036916,0.8298805646036916
0.08,fixed,60,100,56,0.9329611200329118,0.8529611200329118,0.9207383279044516,0.8407383279044517
0.08,fixed,60,100,57,0.9068014682813382,0.8268014682813383,0.9033659066232356,0.8233659066232356
0.08,fixed,60,100,58,0.9169982233389503,0.8369982233389504,0.9131378935939196,0.8331378935939197
0.08,fixed,60,100,59,0.8882150321775396,0.8082150321775396,0.9066232356134636,0.8266232356134636
0.08,fixed,60,100,60,0.9110955631574171,0.8310955631574172,0.9109663409337676,0.8309663409337676
0.08,fixed,60,100,61,0.8978837415344029,0.8178837415344029,0.9044516829533116,0.8244516829533116
0.08,fixed,60,100,62,0.9327450742250178,0.8527450742250179,0.9174809989142236,0.8374809989142237
0.08,fixed,60,100,63,0.9231726756588666,0.8431726756588667,0.9207383279044516,0.8407383279044517
0.08,fixed,60,100,64,0.9147993963444506,0.8347993963444507,0.9120521172638436,0.8320521172638436
0.08,fixed,60,100,65,0.9314825994776872,0.8514825994776872,0.9142236699239956,0.8342236699239957
0.08,fixed,60,100,66,0.94381908979722,0.86381908979722,0.9196525515743756,0.8396525515743757
0.08,fixed,60,100,67,0.9095148598803197,0.8295148598803197,0.9131378935939196,0.8331378935939197
0.08,fixed,60,100,68,0.9144295627409224,0.8344295627409224,0.8957654723127035,0.8157654723127036
0.08,fixed,60,100,69,0.9057130407847817,0.8257130407847817,0.9153094462540716,0.8353094462540717
0.08,fixed,60,100,70,0.9074293731331933,0.8274293731331933,0.8859934853420195,0.8059934853420195
0.08,fixed,60,100,71,0.9085089344400267,0.8285089344400267,0.8968512486427795,0.8168512486427796
0.08,fixed,60,100,72,0.9272006692434814,0.8472006692434815,0.9044516829533116,0.8244516829533116
0.08,fixed,60,100,73,0.9244265981039056,0.8444265981039056,0.9098805646036916,0.8298805646036916
0.08,fixed,60,100,74,0.9367077211112377,0.8567077211112377,0.9283387622149837,0.8483387622149837
0.08,fixed,60,100,75,0.9101290839226467,0.8301290839226467,0.9207383279044516,0.8407383279044517
0.08,fixed,60,100,76,0.9327999929093085,0.8527999929093085,0.9294245385450597,0.8494245385450597
0.08,fixed,60,100,77,0.9317094821152849,0.851709482115285,0.9142236699239956,0.8342236699239957
0.08,fixed,60,100,78,0.9385747451948183,0.8585747451948184,0.9153094462540716,0.8353094462540717
0.08,fixed,60,100,79,0.9306146219106257,0.8506146219106258,0.9185667752442996,0.8385667752442997
0.08,fixed,60,100,80,0.8939005307724949,0.8139005307724949,0.9033659066232356,0.8233659066232356
0.08,fixed,60,100,81,0.94872250575037,0.86872250575037,0.9261672095548317,0.8461672095548317
0.08,fixed,60,100,82,0.9131851889754259,0.8331851889754259,0.9218241042345277,0.8418241042345277
0.08,fixed,60,100,83,0.9241966989483658,0.8441966989483658,0.9131378935939196,0.8331378935939197
0.08,fixed,60,100,84,0.9530016528440266,0.8730016528440266,0.9359391965255157,0.8559391965255158
0.08,fixed,60,100,85,0.9298041805542334,0.8498041805542335,0.9218241042345277,0.8418241042345277
0.08,fixed,60,100,86,0.9293075034787258,0.8493075034787259,0.9207383279044516,0.8407383279044517
0.08,fixed,60,100,87,0.9301312762705812,0.8501312762705813,0.9077090119435396,0.8277090119435396
0.08,fixed,60,100,88,0.9257083355244251,0.8457083355244251,0.9196525515743756,0.8396525515743757
0.08,fixed,60,100,89,0.9068723025666977,0.8268723025666977,0.9131378935939196,0.8331378935939197
0.08,fixed,60,100,90,0.9110995747306575,0.8310995747306575,0.9055374592833876,0.8255374592833876
0.08,fixed,60,100,91,0.9561263278598335,0.8761263278598336,0.9174809989142236,0.8374809989142237
0.08,fixed,60,100,92,0.9217797057071633,0.8417797057071633,0.9142236699239956,0.8342236699239957
0.08,fixed,60,100,93,0.9536970961272708,0.8736970961272709,0.9011943539630836,0.8211943539630836
0.08,fixed,60,100,94,0.9014807512673068,0.8214807512673068,0.8903365906623235,0.8103365906623236
0.08,fixed,60,100,95,0.9511903029143296,0.8711903029143296,0.9305103148751357,0.8505103148751357
0.08,fixed,60,100,96,0.9170912083398227,0.8370912083398228,0.9142236699239956,0.8342236699239957
0.08,fixed,60,100,97,0.9308796087678965,0.8508796087678966,0.9011943539630836,0.8211943539630836
0.08,fixed,60,100,98,0.9211779346082735,0.8411779346082735,0.9120521172638436,0.8320521172638436
0.08,fixed,60,100,99,0.9287881797065032,0.8487881797065032,0.9142236699239956,0.8342236699239957
0.08,fixed,60,100,100,0.9427795150659615,0.8627795150659615,0.9109663409337676,0.8309663409337676
0.08,fixed,70,100,1,0.9257848589204976,0.8457848589204976,0.8990228013029316,0.8190228013029316
0.08,fixed,70,100,2,0.9251560334150737,0.8451560334150737,0.9174809989142236,0.8374809989142237
0.08,fixed,70,100,3,0.9387680044341906,0.8587680044341907,0.9055374592833876,0.8255374592833876
0.08,fixed,70,100,4,0.9101200957872005,0.8301200957872006,0.9196525515743756,0.8396525515743757
0.08,fixed,70,100,5,0.9443056345356885,0.8643056345356885,0.9153094462540716,0.8353094462540717
0.08,fixed,70,100,6,0.895529098646893,0.815529098646893,0.9087947882736156,0.8287947882736156
0.08,fixed,70,100,7,0.9339697061962899,0.85396970619629,0.9239956568946797,0.8439956568946797
0.08,fixed,70,100,8,0.9228531756546072,0.8428531756546073,0.8968512486427795,0.8168512486427796
0.08,fixed,70,100,9,0.9157759710010605,0.8357759710010605,0.8957654723127035,0.8157654723127036
0.08,fixed,70,100,10,0.9322466910939817,0.8522466910939818,0.9153094462540716,0.8353094462540717
0.08,fixed,70,100,11,0.8864316710437822,0.8064316710437822,0.8935939196525515,0.8135939196525516
0.08,fixed,70,100,12,0.9365512612041453,0.8565512612041454,0.9239956568946797,0.8439956568946797
0.08,fixed,70,100,13,0.919053490592557,0.8390534905925571,0.9087947882736156,0.8287947882736156
0.08,fixed,70,100,14,0.9279655410731523,0.8479655410731524,0.8925081433224755,0.8125081433224756
0.08,fixed,70,100,15,0.9223569592432797,0.8423569592432797,0.9109663409337676,0.8309663409337676
0.08,fixed,70,100,16,0.9519316355346938,0.8719316355346939,0.9011943539630836,0.8211943539630836
0.08,fixed,70,100,17,0.9439806008991384,0.8639806008991384,0.9120521172638436,0.8320521172638436
0.08,fixed,70,100,18,0.9212183376589796,0.8412183376589797,0.9218241042345277,0.8418241042345277
0.08,fixed,70,100,19,0.9213722646863771,0.8413722646863772,0.9087947882736156,0.8287947882736156
0.08,fixed,70,100,20,0.9418102288345342,0.8618102288345343,0.8946796959826275,0.8146796959826276
0.08,fixed,70,100,21,0.9273930219079151,0.8473930219079151,0.9087947882736156,0.8287947882736156
0.08,fixed,70,100,22,0.9053618512663804,0.8253618512663804,0.9055374592833876,0.8255374592833876
0.08,fixed,70,100,23,0.8932076642636957,0.8132076642636957,0.9098805646036916,0.8298805646036916
0.08,fixed,70,100,24,0.9628284528016253,0.8828284528016254,0.9315960912052117,0.8515960912052117
0.08,fixed,70,100,25,0.9177251093447292,0.8377251093447292,0.9044516829533116,0.8244516829533116
0.08,fixed,70,100,26,0.9656771595464205,0.8856771595464206,0.9142236699239956,0.8342236699239957
0.08,fixed,70,100,27,0.9187073057775894,0.8387073057775895,0.9044516829533116,0.8244516829533116
0.08,fixed,70,100,28,0.91098912199862,0.8309891219986201,0.9185667752442996,0.8385667752442997
0.08,fixed,70,100,29,0.92110419787885,0.84110419787885,0.9109663409337676,0.8309663409337676
0.08,fixed,70,100,30,0.8997183163101463,0.8197183163101464,0.9022801302931596,0.8222801302931596
0.08,fixed,70,100,31,0.9393122176484245,0.8593122176484246,0.9131378935939196,0.8331378935939197
0.08,fixed,70,100,32,0.931637023835983,0.851637023835983,0.9087947882736156,0.8287947882736156
0.08,fixed,70,100,33,0.9238175425126864,0.8438175425126865,0.9120521172638436,0.8320521172638436
0.08,fixed,70,100,34,0.8978832994379645,0.8178832994379646,0.9109663409337676,0.8309663409337676
0.08,fixed,70,100,35,0.9113258869840418,0.8313258869840419,0.9120521172638436,0.8320521172638436
0.08,fixed,70,100,36,0.9109305554940011,0.8309305554940012,0.9185667752442996,0.8385667752442997
0.08,fixed,70,100,37,0.9074001115760422,0.8274001115760422,0.8968512486427795,0.8168512486427796
0.08,fixed,70,100,38,0.9273309501616456,0.8473309501616456,0.9087947882736156,0.8287947882736156
0.08,fixed,70,100,39,0.9245421703192236,0.8445421703192236,0.9098805646036916,0.8298805646036916
0.08,fixed,70,100,40,0.9134045952878713,0.8334045952878714,0.9011943539630836,0.8211943539630836
0.08,fixed,70,100,41,0.9235199714931066,0.8435199714931066,0.9142236699239956,0.8342236699239957
0.08,fixed,70,100,42,0.9316262030558619,0.8516262030558619,0.9001085776330076,0.8201085776330076
0.08,fixed,70,100,43,0.9355578143978303,0.8555578143978303,0.9077090119435396,0.8277090119435396
0.08,fixed,70,100,44,0.9312825335520609,0.851282533552061,0.9120521172638436,0.8320521172638436
0.08,fixed,70,100,45,0.9052661383443711,0.8252661383443711,0.9109663409337676,0.8309663409337676
0.08,fixed,70,100,46,0.9284255363340062,0.8484255363340062,0.9001085776330076,0.8201085776330076
0.08,fixed,70,100,47,0.9390055126509188,0.8590055126509188,0.9207383279044516,0.8407383279044517
0.08,fixed,70,100,48,0.9163158834867126,0.8363158834867126,0.9207383279044516,0.8407383279044517
0.08,fixed,70,100,49,0.9256162088894531,0.8456162088894531,0.8892508143322475,0.8092508143322475
0.08,fixed,70,100,50,0.9191443641359432,0.8391443641359433,0.8957654723127035,0.8157654723127036
0.08,fixed,70,100,51,0.9247671729114089,0.8447671729114089,0.9120521172638436,0.8320521172638436
0.08,fixed,70,100,52,0.9260108181397055,0.8460108181397056,0.9196525515743756,0.8396525515743757
0.08,fixed,70,100,53,0.9166721625208096,0.8366721625208097,0.9131378935939196,0.8331378935939197
0.08,fixed,70,100,54,0.9166939708496247,0.8366939708496247,0.9055374592833876,0.8255374592833876
0.08,fixed,70,100,55,0.9338589781768226,0.8538589781768227,0.8979370249728555,0.8179370249728556
0.08,fixed,70,100,56,0.921517879719063,0.841517879719063,0.9087947882736156,0.8287947882736156
0.08,fixed,70,100,57,0.9193999072141659,0.8393999072141659,0.9153094462540716,0.8353094462540717
0.08,fixed,70,100,58,0.9166774064833672,0.8366774064833672,0.9153094462540716,0.8353094462540717
0.08,fixed,70,100,59,0.9384360186023748,0.8584360186023748,0.9011943539630836,0.8211943539630836
0.08,fixed,70,100,60,0.9410857548137448,0.8610857548137448,0.9272529858849077,0.8472529858849077
0.08,fixed,70,100,61,0.9376060678439871,0.8576060678439872,0.9185667752442996,0.8385667752442997
0.08,fixed,70,100,62,0.9323395538589178,0.8523395538589178,0.9077090119435396,0.8277090119435396
0.08,fixed,70,100,63,0.924268834683776,0.844268834683776,0.9174809989142236,0.8374809989142237
0.08,fixed,70,100,64,0.9233252140409364,0.8433252140409364,0.9174809989142236,0.8374809989142237
0.08,fixed,70,100,65,0.9296875323062553,0.8496875323062554,0.9370249728555917,0.8570249728555918
0.08,fixed,70,100,66,0.9033712477619585,0.8233712477619586,0.9066232356134636,0.8266232356134636
0.08,fixed,70,100,67,0.9532719300350418,0.8732719300350419,0.9207383279044516,0.8407383279044517
0.08,fixed,70,100,68,0.9116627170439559,0.8316627170439559,0.9196525515743756,0.8396525515743757
0.08,fixed,70,100,69,0.9549124684796154,0.8749124684796155,0.9196525515743756,0.8396525515743757
0.08,fixed,70,100,70,0.9335011455955287,0.8535011455955287,0.9109663409337676,0.8309663409337676
0.08,fixed,70,100,71,0.8878231139571502,0.8078231139571502,0.9163952225841476,0.8363952225841477
0.08,fixed,70,100,72,0.9325322045174242,0.8525322045174243,0.9229098805646037,0.8429098805646037
0.08,fixed,70,100,73,0.9080730877989466,0.8280730877989466,0.9185667752442996,0.8385667752442997
0.08,fixed,70,100,74,0.9183196969909286,0.8383196969909287,0.9044516829533116,0.8244516829533116
0.08,fixed,70,100,75,0.9388443602203201,0.8588443602203202,0.9109663409337676,0.8309663409337676
0.08,fixed,70,100,76,0.9329379263722731,0.8529379263722732,0.9109663409337676,0.8309663409337676
0.08,fixed,70,100,77,0.9724370156931924,0.8924370156931924,0.9207383279044516,0.8407383279044517
0.08,fixed,70,100,78,0.9178722863145342,0.8378722863145343,0.9001085776330076,0.8201085776330076
0.08,fixed,70,100,79,0.9210885725776243,0.8410885725776244,0.9077090119435396,0.8277090119435396
0.08,fixed,70,100,80,0.916340763763523,0.8363407637635231,0.8990228013029316,0.8190228013029316
0.08,fixed,70,100,81,0.9287716116250311,0.8487716116250311,0.9196525515743756,0.8396525515743757
0.08,fixed,70,100,82,0.9449342103680403,0.8649342103680403,0.9131378935939196,0.8331378935939197
0.08,fixed,70,100,83,0.9264240867675749,0.846424086767575,0.9153094462540716,0.8353094462540717
0.08,fixed,70,100,84,0.9269981574132091,0.8469981574132092,0.9001085776330076,0.8201085776330076
0.08,fixed,70,100,85,0.913760526779749,0.833760526779749,0.9087947882736156,0.8287947882736156
0.08,fixed,70,100,86,0.9257420769055928,0.8457420769055929,0.9120521172638436,0.8320521172638436
0.08,fixed,70,100,87,0.9266066923862573,0.8466066923862573,0.9185667752442996,0.8385667752442997
0.08,fixed,70,100,88,0.913753985725503,0.8337539857255031,0.8990228013029316,0.8190228013029316
0.08,fixed,70,100,89,0.9312109110825239,0.8512109110825239,0.9066232356134636,0.8266232356134636
0.08,fixed,70,100,90,0.9271257414951728,0.8471257414951728,0.9207383279044516,0.8407383279044517
0.08,fixed,70,100,91,0.8930776084297286,0.8130776084297286,0.9163952225841476,0.8363952225841477
0.08,fixed,70,100,92,0.927912385727344,0.8479123857273441,0.8935939196525515,0.8135939196525516
0.08,fixed,70,100,93,0.8957448439535425,0.8157448439535425,0.9022801302931596,0.8222801302931596
0.08,fixed,70,100,94,0.9271396475992509,0.847139647599251,0.9250814332247557,0.8450814332247557
0.08,fixed,70,100,95,0.9181385670521172,0.8381385670521172,0.9044516829533116,0.8244516829533116
0.08,fixed,70,100,96,0.9482833003264123,0.8682833003264123,0.9044516829533116,0.8244516829533116
0.08,fixed,70,100,97,0.9220097857484446,0.8420097857484447,0.9174809989142236,0.8374809989142237
0.08,fixed,70,100,98,0.9317987962700205,0.8517987962700205,0.9174809989142236,0.8374809989142237
0.08,fixed,70,100,99,0.9285616449486285,0.8485616449486285,0.9055374592833876,0.8255374592833876
0.08,fixed,70,100,100,0.934465301794262,0.854465301794262,0.9022801302931596,0.8222801302931596
0.08,fixed,80,100,1,0.9395909162155376,0.8595909162155376,0.9109663409337676,0.8309663409337676
0.08,fixed,80,100,2,0.952053286043676,0.872053286043676,0.9239956568946797,0.8439956568946797
0.08,fixed,80,100,3,0.9394280363776952,0.8594280363776953,0.9077090119435396,0.8277090119435396
0.08,fixed,80,100,4,0.9422270154794579,0.8622270154794579,0.8935939196525515,0.8135939196525516
0.08,fixed,80,100,5,0.9365851745198503,0.8565851745198504,0.9153094462540716,0.8353094462540717
0.08,fixed,80,100,6,0.9071709379109999,0.8271709379109999,0.8968512486427795,0.8168512486427796
0.08,fixed,80,100,7,0.9226179875341198,0.8426179875341199,0.9218241042345277,0.8418241042345277
0.08,fixed,80,100,8,0.9360692625250546,0.8560692625250547,0.9131378935939196,0.8331378935939197
0.08,fixed,80,100,9,0.9234842313312173,0.8434842313312173,0.8979370249728555,0.8179370249728556
0.08,fixed,80,100,10,0.9027039845668128,0.8227039845668128,0.9066232356134636,0.8266232356134636
0.08,fixed,80,100,11,0.9370925820987108,0.8570925820987109,0.9131378935939196,0.8331378935939197
0.08,fixed,80,100,12,0.9274960708331569,0.8474960708331569,0.9033659066232356,0.8233659066232356
0.08,fixed,80,100,13,0.9185390268787166,0.8385390268787166,0.8946796959826275,0.8146796959826276
0.08,fixed,80,100,14,0.9615623786206428,0.8815623786206428,0.9185667752442996,0.8385667752442997
0.08,fixed,80,100,15,0.9170950890500659,0.8370950890500659,0.9098805646036916,0.8298805646036916
0.08,fixed,80,100,16,0.9074645799225074,0.8274645799225074,0.8968512486427795,0.8168512486427796
0.08,fixed,80,100,17,0.9358750547154796,0.8558750547154796,0.9001085776330076,0.8201085776330076
0.08,fixed,80,100,18,0.9270816373849486,0.8470816373849487,0.9044516829533116,0.8244516829533116
0.08,fixed,80,100,19,0.945302790611493,0.8653027906114931,0.9174809989142236,0.8374809989142237
0.08,fixed,80,100,20,0.9219187213204982,0.8419187213204983,0.9163952225841476,0.8363952225841477
0.08,fixed,80,100,21,0.9321104456652183,0.8521104456652183,0.9055374592833876,0.8255374592833876
0.08,fixed,80,100,22,0.9284713044285877,0.8484713044285878,0.9315960912052117,0.8515960912052117
0.08,fixed,80,100,23,0.9265513407814608,0.8465513407814609,0.9131378935939196,0.8331378935939197
0.08,fixed,80,100,24,0.9215217921671974,0.8415217921671975,0.8968512486427795,0.8168512486427796
0.08,fixed,80,100,25,0.9080240437167204,0.8280240437167204,0.9033659066232356,0.8233659066232356
0.08,fixed,80,100,26,0.9168307093026109,0.8368307093026109,0.9142236699239956,0.8342236699239957
0.08,fixed,80,100,27,0.9354686346975036,0.8554686346975037,0.9077090119435396,0.8277090119435396
0.08,fixed,80,100,28,0.9372801183411948,0.8572801183411949,0.9011943539630836,0.8211943539630836
0.08,fixed,80,100,29,0.8983433988427629,0.818343398842763,0.9022801302931596,0.8222801302931596
0.08,fixed,80,100,30,0.9215558321613047,0.8415558321613047,0.9077090119435396,0.8277090119435396
0.08,fixed,80,100,31,0.9304751378719119,0.850475137871912,0.9066232356134636,0.8266232356134636
0.08,fixed,80,100,32,0.8997789933356419,0.819778993335642,0.9022801302931596,0.8222801302931596
0.08,fixed,80,100,33,0.9347519917682724,0.8547519917682724,0.9055374592833876,0.8255374592833876
0.08,fixed,80,100,34,0.9307112868828913,0.8507112868828913,0.9087947882736156,0.8287947882736156
0.08,fixed,80,100,35,0.9171073528027786,0.8371073528027786,0.9087947882736156,0.8287947882736156
0.08,fixed,80,100,36,0.9475245140573317,0.8675245140573318,0.9131378935939196,0.8331378935939197
0.08,fixed,80,100,37,0.928162074186162,0.8481620741861621,0.9174809989142236,0.8374809989142237
0.08,fixed,80,100,38,0.9325587397699029,0.8525587397699029,0.9218241042345277,0.8418241042345277
0.08,fixed,80,100,39,0.9317410657227065,0.8517410657227066,0.9033659066232356,0.8233659066232356
0.08,fixed,80,100,40,0.957427169619201,0.8774271696192011,0.9087947882736156,0.8287947882736156
0.08,fixed,80,100,41,0.9266907073500312,0.8466907073500313,0.9033659066232356,0.8233659066232356
0.08,fixed,80,100,42,0.9177138826596669,0.837713882659667,0.9207383279044516,0.8407383279044517
0.08,fixed,80,100,43,0.9478357689531142,0.8678357689531142,0.9033659066232356,0.8233659066232356
0.08,fixed,80,100,44,0.9533784317915707,0.8733784317915707,0.9098805646036916,0.8298805646036916
0.08,fixed,80,100,45,0.9276231774243567,0.8476231774243568,0.9261672095548317,0.8461672095548317
0.08,fixed,80,100,46,0.9205807511306436,0.8405807511306437,0.9077090119435396,0.8277090119435396
0.08,fixed,80,100,47,0.9134117755766479,0.8334117755766479,0.8859934853420195,0.8059934853420195
0.08,fixed,80,100,48,0.9291850594890625,0.8491850594890625,0.9142236699239956,0.8342236699239957
0.08,fixed,80,100,49,0.9331663452321299,0.85316634523213,0.9087947882736156,0.8287947882736156
0.08,fixed,80,100,50,0.923564639891867,0.843564639891867,0.9120521172638436,0.8320521172638436
0.08,fixed,80,100,51,0.9555236624234529,0.8755236624234529,0.9142236699239956,0.8342236699239957
0.08,fixed,80,100,52,0.9472329489154497,0.8672329489154498,0.9055374592833876,0.8255374592833876
0.08,fixed,80,100,53,0.9578611220275157,0.8778611220275158,0.9131378935939196,0.8331378935939197
0.08,fixed,80,100,54,0.9536473600603254,0.8736473600603254,0.9229098805646037,0.8429098805646037
0.08,fixed,80,100,55,0.9307251869984058,0.8507251869984058,0.9011943539630836,0.8211943539630836
0.08,fixed,80,100,56,0.9145971031203515,0.8345971031203515,0.9066232356134636,0.8266232356134636
0.08,fixed,80,100,57,0.9382512131178522,0.8582512131178522,0.9142236699239956,0.8342236699239957
0.08,fixed,80,100,58,0.9401876957926687,0.8601876957926687,0.9283387622149837,0.8483387622149837
0.08,fixed,80,100,59,0.930936560782555,0.8509365607825551,0.9163952225841476,0.8363952225841477
0.08,fixed,80,100,60,0.944360333357207,0.8643603333572071,0.9066232356134636,0.8266232356134636
0.08,fixed,80,100,61,0.9243758379713976,0.8443758379713976,0.9066232356134636,0.8266232356134636
0.08,fixed,80,100,62,0.8880033820896348,0.8080033820896348,0.9120521172638436,0.8320521172638436
0.08,fixed,80,100,63,0.9041409881419019,0.824140988141902,0.9033659066232356,0.8233659066232356
0.08,fixed,80,100,64,0.903717875695918,0.823717875695918,0.9033659066232356,0.8233659066232356
0.08,fixed,80,100,65,0.9282681432447017,0.8482681432447018,0.9033659066232356,0.8233659066232356
0.08,fixed,80,100,66,0.9460874543184901,0.8660874543184901,0.9174809989142236,0.8374809989142237
0.08,fixed,80,100,67,0.9322392296250035,0.8522392296250035,0.9185667752442996,0.8385667752442997
0.08,fixed,80,100,68,0.9575170645884052,0.8775170645884053,0.9044516829533116,0.8244516829533116
0.08,fixed,80,100,69,0.938664051236959,0.858664051236959,0.9033659066232356,0.8233659066232356
0.08,fixed,80,100,70,0.896876259833149,0.816876259833149,0.9207383279044516,0.8407383279044517
0.08,fixed,80,100,71,0.9372522438274361,0.8572522438274361,0.9185667752442996,0.8385667752442997
0.08,fixed,80,100,72,0.9122818693591164,0.8322818693591164,0.9033659066232356,0.8233659066232356
0.08,fixed,80,100,73,0.9241553410053563,0.8441553410053564,0.9044516829533116,0.8244516829533116
0.08,fixed,80,100,74,0.9144415851095455,0.8344415851095456,0.8903365906623235,0.8103365906623236
0.08,fixed,80,100,75,0.930906800621032,0.8509068006210321,0.9174809989142236,0.8374809989142237
0.08,fixed,80,100,76,0.9458492941358584,0.8658492941358584,0.8979370249728555,0.8179370249728556
0.08,fixed,80,100,77,0.9265951884742905,0.8465951884742905,0.9033659066232356,0.8233659066232356
0.08,fixed,80,100,78,0.9406599185533878,0.8606599185533879,0.9033659066232356,0.8233659066232356
0.08,fixed,80,100,79,0.9661232687379423,0.8861232687379423,0.9087947882736156,0.8287947882736156
0.08,fixed,80,100,80,0.9581344944285545,0.8781344944285545,0.9337676438653637,0.8537676438653637
0.08,fixed,80,100,81,0.9014168150940083,0.8214168150940083,0.9055374592833876,0.8255374592833876
0.08,fixed,80,100,82,0.9337920633051591,0.8537920633051591,0.9087947882736156,0.8287947882736156
0.08,fixed,80,100,83,0.9336033573437768,0.8536033573437768,0.9142236699239956,0.8342236699239957
0.08,fixed,80,100,84,0.9285775672023091,0.8485775672023091,0.9033659066232356,0.8233659066232356
0.08,fixed,80,100,85,0.9686284948373968,0.8886284948373968,0.9109663409337676,0.8309663409337676
0.08,fixed,80,100,86,0.9205278321610074,0.8405278321610075,0.9196525515743756,0.8396525515743757
0.08,fixed,80,100,87,0.9281126197354669,0.8481126197354669,0.9077090119435396,0.8277090119435396
0.08,fixed,80,100,88,0.9289940368051317,0.8489940368051317,0.9109663409337676,0.8309663409337676
0.08,fixed,80,100,89,0.9529789041139709,0.8729789041139709,0.9109663409337676,0.8309663409337676
0.08,fixed,80,100,90,0.9166513708102215,0.8366513708102216,0.9077090119435396,0.8277090119435396
0.08,fixed,80,100,91,0.8999935404066203,0.8199935404066203,0.9055374592833876,0.8255374592833876
0.08,fixed,80,100,92,0.9357071083414776,0.8557071083414777,0.9174809989142236,0.8374809989142237
0.08,fixed,80,100,93,0.9081961941807598,0.8281961941807598,0.8925081433224755,0.8125081433224756
0.08,fixed,80,100,94,0.8907601934627708,0.8107601934627708,0.8946796959826275,0.8146796959826276
0.08,fixed,80,100,95,0.9126815698680634,0.8326815698680634,0.9109663409337676,0.8309663409337676
0.08,fixed,80,100,96,0.9004225235865578,0.8204225235865579,0.8892508143322475,0.8092508143322475
0.08,fixed,80,100,97,0.9611158734821379,0.8811158734821379,0.9272529858849077,0.8472529858849077
0.08,fixed,80,100,98,0.9210020237257143,0.8410020237257143,0.9077090119435396,0.8277090119435396
0.08,fixed,80,100,99,0.9283092507946157,0.8483092507946157,0.8990228013029316,0.8190228013029316
0.08,fixed,80,100,100,0.9332648105998388,0.8532648105998388,0.9011943539630836,0.8211943539630836
0.08,fixed,90,100,1,0.9408135693367768,0.8608135693367769,0.9044516829533116,0.8244516829533116
0.08,fixed,90,100,2,0.9243294544188276,0.8443294544188277,0.9044516829533116,0.8244516829533116
0.08,fixed,90,100,3,0.9162166647292069,0.836216664729207,0.9001085776330076,0.8201085776330076
0.08,fixed,90,100,4,0.930595708489015,0.850595708489015,0.8925081433224755,0.8125081433224756
0.08,fixed,90,100,5,0.9171761033596699,0.83717610335967,0.8957654723127035,0.8157654723127036
0.08,fixed,90,100,6,0.9399916868555852,0.8599916868555852,0.9055374592833876,0.8255374592833876
0.08,fixed,90,100,7,0.9316212376966251,0.8516212376966251,0.9077090119435396,0.8277090119435396
0.08,fixed,90,100,8,0.9261714856533934,0.8461714856533934,0.9066232356134636,0.8266232356134636
0.08,fixed,90,100,9,0.9313536027566964,0.8513536027566965,0.9066232356134636,0.8266232356134636
0.08,fixed,90,100,10,0.9276773925693773,0.8476773925693774,0.9207383279044516,0.8407383279044517
0.08,fixed,90,100,11,0.9265712199171103,0.8465712199171104,0.9098805646036916,0.8298805646036916
0.08,fixed,90,100,12,0.9284296885596256,0.8484296885596256,0.9174809989142236,0.8374809989142237
0.08,fixed,90,100,13,0.9624353100590177,0.8824353100590178,0.9153094462540716,0.8353094462540717
0.08,fixed,90,100,14,0.9434545605864584,0.8634545605864584,0.9131378935939196,0.8331378935939197
0.08,fixed,90,100,15,0.9140372139901791,0.8340372139901792,0.9098805646036916,0.8298805646036916
0.08,fixed,90,100,16,0.9482631981005067,0.8682631981005068,0.9044516829533116,0.8244516829533116
0.08,fixed,90,100,17,0.9531684371419978,0.8731684371419979,0.9022801302931596,0.8222801302931596
0.08,fixed,90,100,18,0.9255679148227116,0.8455679148227117,0.9120521172638436,0.8320521172638436
0.08,fixed,90,100,19,0.9280461363965299,0.8480461363965299,0.9055374592833876,0.8255374592833876
0.08,fixed,90,100,20,0.9069792623914441,0.8269792623914441,0.9022801302931596,0.8222801302931596
0.08,fixed,90,100,21,0.9649767371170302,0.8849767371170303,0.9131378935939196,0.8331378935939197
0.08,fixed,90,100,22,0.9264349239808265,0.8464349239808265,0.8903365906623235,0.8103365906623236
0.08,fixed,90,100,23,0.9687484255764588,0.8887484255764588,0.9174809989142236,0.8374809989142237
0.08,fixed,90,100,24,0.9077326590284043,0.8277326590284043,0.9098805646036916,0.8298805646036916
0.08,fixed,90,100,25,0.9513897869018277,0.8713897869018278,0.9196525515743756,0.8396525515743757
0.08,fixed,90,100,26,0.958407981247167,0.878407981247167,0.9153094462540716,0.8353094462540717
0.08,fixed,90,100,27,0.9241069750321773,0.8441069750321774,0.9098805646036916,0.8298805646036916
0.08,fixed,90,100,28,0.9002489760728083,0.8202489760728083,0.9001085776330076,0.8201085776330076
0.08,fixed,90,100,29,0.9302597478597991,0.8502597478597992,0.9142236699239956,0.8342236699239957
0.08,fixed,90,100,30,0.9069633969986186,0.8269633969986186,0.8968512486427795,0.8168512486427796
0.08,fixed,90,100,31,0.9290666502225621,0.8490666502225621,0.8979370249728555,0.8179370249728556
0.08,fixed,90,100,32,0.9821822909525599,0.90218229095256,0.9033659066232356,0.8233659066232356
0.08,fixed,90,100,33,0.9325600494382891,0.8525600494382891,0.9066232356134636,0.8266232356134636
0.08,fixed,90,100,34,0.9223919391172068,0.8423919391172069,0.9153094462540716,0.8353094462540717
0.08,fixed,90,100,35,0.9364754176443038,0.8564754176443038,0.8925081433224755,0.8125081433224756
0.08,fixed,90,100,36,0.9377835066685504,0.8577835066685504,0.8990228013029316,0.8190228013029316
0.08,fixed,90,100,37,0.9432921513868284,0.8632921513868285,0.9185667752442996,0.8385667752442997
0.08,fixed,90,100,38,0.9216581246587544,0.8416581246587544,0.9033659066232356,0.8233659066232356
0.08,fixed,90,100,39,0.9310056268836852,0.8510056268836852,0.9022801302931596,0.8222801302931596
0.08,fixed,90,100,40,0.9141371313912736,0.8341371313912737,0.9001085776330076,0.8201085776330076
0.08,fixed,90,100,41,0.9332773121089181,0.8532773121089181,0.9207383279044516,0.8407383279044517
0.08,fixed,90,100,42,0.8980531749425303,0.8180531749425304,0.9022801302931596,0.8222801302931596
0.08,fixed,90,100,43,0.9117709702390094,0.8317709702390095,0.9044516829533116,0.8244516829533116
0.08,fixed,90,100,44,0.9058116408023975,0.8258116408023976,0.9044516829533116,0.8244516829533116
0.08,fixed,90,100,45,0.9173202966844067,0.8373202966844068,0.9120521172638436,0.8320521172638436
0.08,fixed,90,100,46,0.9479947741502669,0.8679947741502669,0.9044516829533116,0.8244516829533116
0.08,fixed,90,100,47,0.926508187444999,0.846508187444999,0.8957654723127035,0.8157654723127036
0.08,fixed,90,100,48,0.9119330952264926,0.8319330952264926,0.8990228013029316,0.8190228013029316
0.08,fixed,90,100,49,0.9148405385472228,0.8348405385472228,0.9163952225841476,0.8363952225841477
0.08,fixed,90,100,50,0.9276400214212872,0.8476400214212872,0.9055374592833876,0.8255374592833876
0.08,fixed,90,100,51,0.9624255781480453,0.8824255781480453,0.9131378935939196,0.8331378935939197
0.08,fixed,90,100,52,0.9276816509484935,0.8476816509484936,0.9174809989142236,0.8374809989142237
0.08,fixed,90,100,53,0.9310945284877816,0.8510945284877817,0.9077090119435396,0.8277090119435396
0.08,fixed,90,100,54,0.931061283638044,0.851061283638044,0.9109663409337676,0.8309663409337676
0.08,fixed,90,100,55,0.939555247953292,0.8595552479532921,0.9044516829533116,0.8244516829533116
0.08,fixed,90,100,56,0.9436822244044211,0.8636822244044211,0.9066232356134636,0.8266232356134636
0.08,fixed,90,100,57,0.9615618925128858,0.8815618925128859,0.9229098805646037,0.8429098805646037
0.08,fixed,90,100,58,0.9202083752651993,0.8402083752651993,0.9109663409337676,0.8309663409337676
0.08,fixed,90,100,59,0.9051066168228747,0.8251066168228748,0.9098805646036916,0.8298805646036916
0.08,fixed,90,100,60,0.92877871126039,0.8487787112603901,0.9120521172638436,0.8320521172638436
0.08,fixed,90,100,61,0.925540984540192,0.845540984540192,0.9087947882736156,0.8287947882736156
0.08,fixed,90,100,62,0.9414041320685274,0.8614041320685274,0.9109663409337676,0.8309663409337676
0.08,fixed,90,100,63,0.9310557420566624,0.8510557420566625,0.8957654723127035,0.8157654723127036
0.08,fixed,90,100,64,0.922304603036206,0.842304603036206,0.9055374592833876,0.8255374592833876
0.08,fixed,90,100,65,0.9081964760170302,0.8281964760170303,0.9174809989142236,0.8374809989142237
0.08,fixed,90,100,66,0.9358542313233966,0.8558542313233967,0.8903365906623235,0.8103365906623236
0.08,fixed,90,100,67,0.9215109232248122,0.8415109232248122,0.9011943539630836,0.8211943539630836
0.08,fixed,90,100,68,0.9253415696517152,0.8453415696517153,0.9055374592833876,0.8255374592833876
0.08,fixed,90,100,69,0.9506630924866276,0.8706630924866277,0.9142236699239956,0.8342236699239957
0.08,fixed,90,100,70,0.918479736386338,0.838479736386338,0.9001085776330076,0.8201085776330076
0.08,fixed,90,100,71,0.9372014182145482,0.8572014182145482,0.9153094462540716,0.8353094462540717
0.08,fixed,90,100,72,0.9500776700821061,0.8700776700821061,0.9109663409337676,0.8309663409337676
0.08,fixed,90,100,73,0.9438145697263335,0.8638145697263335,0.9153094462540716,0.8353094462540717
0.08,fixed,90,100,74,0.9229381602695551,0.8429381602695551,0.8903365906623235,0.8103365906623236
0.08,fixed,90,100,75,0.9664921626108225,0.8864921626108225,0.9153094462540716,0.8353094462540717
0.08,fixed,90,100,76,0.9311812505596815,0.8511812505596815,0.9022801302931596,0.8222801302931596
0.08,fixed,90,100,77,0.9280613740524457,0.8480613740524457,0.9077090119435396,0.8277090119435396
0.08,fixed,90,100,78,0.935259754210001,0.855259754210001,0.9120521172638436,0.8320521172638436
0.08,fixed,90,100,79,0.9666516081689172,0.8866516081689172,0.8903365906623235,0.8103365906623236
0.08,fixed,90,100,80,0.9242938740442332,0.8442938740442333,0.9109663409337676,0.8309663409337676
0.08,fixed,90,100,81,0.9574686146562219,0.877468614656222,0.8957654723127035,0.8157654723127036
0.08,fixed,90,100,82,0.944916917010538,0.8649169170105381,0.9163952225841476,0.8363952225841477
0.08,fixed,90,100,83,0.9411709040138592,0.8611709040138592,0.9066232356134636,0.8266232356134636
0.08,fixed,90,100,84,0.9611232326246241,0.8811232326246241,0.9153094462540716,0.8353094462540717
0.08,fixed,90,100,85,0.938784333790219,0.858784333790219,0.9185667752442996,0.8385667752442997
0.08,fixed,90,100,86,0.9407485894999006,0.8607485894999006,0.9033659066232356,0.8233659066232356
0.08,fixed,90,100,87,0.9389296668993887,0.8589296668993888,0.9087947882736156,0.8287947882736156
0.08,fixed,90,100,88,0.9237287817680566,0.8437287817680567,0.9001085776330076,0.8201085776330076
0.08,fixed,90,100,89,0.923804928756721,0.8438049287567211,0.9066232356134636,0.8266232356134636
0.08,fixed,90,100,90,0.9016373096902508,0.8216373096902508,0.8903365906623235,0.8103365906623236
0.08,fixed,90,100,91,0.9492639702744585,0.8692639702744586,0.9109663409337676,0.8309663409337676
0.08,fixed,90,100,92,0.926392032597381,0.846392032597381,0.9087947882736156,0.8287947882736156
0.08,fixed,90,100,93,0.9169812359190948,0.8369812359190948,0.8881650380021715,0.8081650380021715
0.08,fixed,90,100,94,0.9090124267324193,0.8290124267324194,0.8935939196525515,0.8135939196525516
0.08,fixed,90,100,95,0.9175194057112241,0.8375194057112242,0.9001085776330076,0.8201085776330076
0.08,fixed,90,100,96,0.9341117832094376,0.8541117832094376,0.9011943539630836,0.8211943539630836
0.08,fixed,90,100,97,0.9632706958739291,0.8832706958739291,0.9033659066232356,0.8233659066232356
0.08,fixed,90,100,98,0.931354251937229,0.851354251937229,0.9131378935939196,0.8331378935939197
0.08,fixed,90,100,99,0.9232117297278437,0.8432117297278438,0.9077090119435396,0.8277090119435396
0.08,fixed,90,100,100,0.9632624481344968,0.8832624481344968,0.9055374592833876,0.8255374592833876
0.08,fixed,100,100,1,0.9287518224181879,0.8487518224181879,0.9163952225841476,0.8363952225841477
0.08,fixed,100,100,2,0.9286007221988893,0.8486007221988894,0.9131378935939196,0.8331378935939197
0.08,fixed,100,100,3,0.9085745298366088,0.8285745298366088,0.8990228013029316,0.8190228013029316
0.08,fixed,100,100,4,0.9485794902431627,0.8685794902431627,0.9001085776330076,0.8201085776330076
0.08,fixed,100,100,5,0.9388201961194711,0.8588201961194711,0.9077090119435396,0.8277090119435396
0.08,fixed,100,100,6,0.9590971118209034,0.8790971118209034,0.9153094462540716,0.8353094462540717
0.08,fixed,100,100,7,0.9411302043045572,0.8611302043045572,0.8849077090119435,0.8049077090119435
0.08,fixed,100,100,8,0.9395549783183268,0.8595549783183268,0.9109663409337676,0.8309663409337676
0.08,fixed,100,100,9,0.9415632727303748,0.8615632727303748,0.9055374592833876,0.8255374592833876
0.08,fixed,100,100,10,0.9494991046831198,0.8694991046831199,0.9001085776330076,0.8201085776330076
0.08,fixed,100,100,11,0.9333856636497532,0.8533856636497532,0.9066232356134636,0.8266232356134636
0.08,fixed,100,100,12,0.9351708544467614,0.8551708544467614,0.9087947882736156,0.8287947882736156
0.08,fixed,100,100,13,0.9580081350759045,0.8780081350759046,0.9196525515743756,0.8396525515743757
0.08,fixed,100,100,14,0.966728652793571,0.886728652793571,0.8990228013029316,0.8190228013029316
0.08,fixed,100,100,15,0.943137201107331,0.863137201107331,0.9163952225841476,0.8363952225841477
0.08,fixed,100,100,16,0.905531644261104,0.825531644261104,0.8827361563517915,0.8027361563517915
0.08,fixed,100,100,17,0.9045632284254056,0.8245632284254056,0.9011943539630836,0.8211943539630836
0.08,fixed,100,100,18,0.9388455322683681,0.8588455322683681,0.9001085776330076,0.8201085776330076
0.08,fixed,100,100,19,0.9524192053631378,0.8724192053631379,0.9131378935939196,0.8331378935939197
0.08,fixed,100,100,20,0.9415673621414173,0.8615673621414174,0.8968512486427795,0.8168512486427796
0.08,fixed,100,100,21,0.9521911655721707,0.8721911655721707,0.8979370249728555,0.8179370249728556
0.08,fixed,100,100,22,0.9230294742426465,0.8430294742426465,0.9131378935939196,0.8331378935939197
0.08,fixed,100,100,23,0.9413298173628245,0.8613298173628245,0.9261672095548317,0.8461672095548317
0.08,fixed,100,100,24,0.9375340595946909,0.857534059594691,0.9185667752442996,0.8385667752442997
0.08,fixed,100,100,25,0.9048847189098372,0.8248847189098373,0.9163952225841476,0.8363952225841477
0.08,fixed,100,100,26,0.9095690190928845,0.8295690190928845,0.9131378935939196,0.8331378935939197
0.08,fixed,100,100,27,0.9517690843015932,0.8717690843015933,0.8935939196525515,0.8135939196525516
0.08,fixed,100,100,28,0.9141729617897474,0.8341729617897474,0.9055374592833876,0.8255374592833876
0.08,fixed,100,100,29,0.9491107776616201,0.8691107776616201,0.9153094462540716,0.8353094462540717
0.08,fixed,100,100,30,0.9212193807419939,0.841219380741994,0.8859934853420195,0.8059934853420195
0.08,fixed,100,100,31,0.9454694409924393,0.8654694409924394,0.9098805646036916,0.8298805646036916
0.08,fixed,100,100,32,0.9455032859225875,0.8655032859225875,0.9022801302931596,0.8222801302931596
0.08,fixed,100,100,33,0.9417787735495733,0.8617787735495733,0.9087947882736156,0.8287947882736156
0.08,fixed,100,100,34,0.9057889057907587,0.8257889057907587,0.8935939196525515,0.8135939196525516
0.08,fixed,100,100,35,0.9415254518777161,0.8615254518777161,0.9077090119435396,0.8277090119435396
0.08,fixed,100,100,36,0.9420895111496718,0.8620895111496718,0.9055374592833876,0.8255374592833876
0.08,fixed,100,100,37,0.918351518540155,0.838351518540155,0.9001085776330076,0.8201085776330076
0.08,fixed,100,100,38,0.9270219049544072,0.8470219049544072,0.8805646036916395,0.8005646036916395
0.08,fixed,100,100,39,0.9412962870660448,0.8612962870660449,0.9044516829533116,0.8244516829533116
0.08,fixed,100,100,40,0.9645768434862232,0.8845768434862232,0.9044516829533116,0.8244516829533116
0.08,fixed,100,100,41,0.9289078286606038,0.8489078286606039,0.9131378935939196,0.8331378935939197
0.08,fixed,100,100,42,0.928284770684591,0.8482847706845911,0.8968512486427795,0.8168512486427796
0.08,fixed,100,100,43,0.937160386084792,0.8571603860847921,0.9087947882736156,0.8287947882736156
0.08,fixed,100,100,44,0.9153066586863704,0.8353066586863704,0.9055374592833876,0.8255374592833876
0.08,fixed,100,100,45,0.9244961384046273,0.8444961384046273,0.9001085776330076,0.8201085776330076
0.08,fixed,100,100,46,0.9450901094702678,0.8650901094702679,0.9098805646036916,0.8298805646036916
0.08,fixed,100,100,47,0.909542569363342,0.829542569363342,0.8990228013029316,0.8190228013029316
0.08,fixed,100,100,48,0.946716453593799,0.866716453593799,0.9077090119435396,0.8277090119435396
0.08,fixed,100,100,49,0.9910740316198048,0.9110740316198048,0.9087947882736156,0.8287947882736156
0.08,fixed,100,100,50,0.9242700979798371,0.8442700979798371,0.9055374592833876,0.8255374592833876
0.08,fixed,100,100,51,0.9510871630367336,0.8710871630367336,0.9131378935939196,0.8331378935939197
0.08,fixed,100,100,52,0.9237272069300762,0.8437272069300762,0.9022801302931596,0.8222801302931596
0.08,fixed,100,100,53,0.9092137047092603,0.8292137047092604,0.8946796959826275,0.8146796959826276
0.08,fixed,100,100,54,0.9265362640148945,0.8465362640148946,0.9196525515743756,0.8396525515743757
0.08,fixed,100,100,55,0.9277936989615392,0.8477936989615392,0.8968512486427795,0.8168512486427796
0.08,fixed,100,100,56,0.9140780343253531,0.8340780343253531,0.9055374592833876,0.8255374592833876
0.08,fixed,100,100,57,0.9422761550358663,0.8622761550358663,0.9163952225841476,0.8363952225841477
0.08,fixed,100,100,58,0.9159929018346515,0.8359929018346516,0.9011943539630836,0.8211943539630836
0.08,fixed,100,100,59,0.9581103637815008,0.8781103637815009,0.8946796959826275,0.8146796959826276
0.08,fixed,100,100,60,0.9489147890737218,0.8689147890737219,0.9033659066232356,0.8233659066232356
0.08,fixed,100,100,61,0.9521698443806756,0.8721698443806757,0.9153094462540716,0.8353094462540717
0.08,fixed,100,100,62,0.9386029616406166,0.8586029616406167,0.9087947882736156,0.8287947882736156
0.08,fixed,100,100,63,0.9201954317272732,0.8401954317272733,0.9087947882736156,0.8287947882736156
0.08,fixed,100,100,64,0.9284246894939718,0.8484246894939719,0.9087947882736156,0.8287947882736156
0.08,fixed,100,100,65,0.9759319537932206,0.8959319537932207,0.9055374592833876,0.8255374592833876
0.08,fixed,100,100,66,0.9292324934645196,0.8492324934645197,0.8990228013029316,0.8190228013029316
0.08,fixed,100,100,67,0.9385817182840022,0.8585817182840022,0.9153094462540716,0.8353094462540717
0.08,fixed,100,100,68,0.9455946497652301,0.8655946497652302,0.8990228013029316,0.8190228013029316
0.08,fixed,100,100,69,0.9394700201525473,0.8594700201525474,0.9131378935939196,0.8331378935939197
0.08,fixed,100,100,70,0.9242740190704299,0.84427401907043,0.9087947882736156,0.8287947882736156
0.08,fixed,100,100,71,0.9519320042954386,0.8719320042954386,0.9142236699239956,0.8342236699239957
0.08,fixed,100,100,72,0.9183230661692985,0.8383230661692985,0.9044516829533116,0.8244516829533116
0.08,fixed,100,100,73,0.93261416029554,0.85261416029554,0.9077090119435396,0.8277090119435396
0.08,fixed,100,100,74,0.9127654815971966,0.8327654815971967,0.9131378935939196,0.8331378935939197
0.08,fixed,100,100,75,0.9220228392436776,0.8420228392436776,0.9001085776330076,0.8201085776330076
0.08,fixed,100,100,76,0.9274103359226897,0.8474103359226898,0.9044516829533116,0.8244516829533116
0.08,fixed,100,100,77,0.9368534283764091,0.8568534283764091,0.9055374592833876,0.8255374592833876
0.08,fixed,100,100,78,0.9559351477077641,0.8759351477077642,0.9120521172638436,0.8320521172638436
0.08,fixed,100,100,79,0.945810125381467,0.8658101253814671,0.9022801302931596,0.8222801302931596
0.08,fixed,100,100,80,0.9522424972341146,0.8722424972341146,0.9120521172638436,0.8320521172638436
0.08,fixed,100,100,81,0.9473485338653648,0.8673485338653648,0.9001085776330076,0.8201085776330076
0.08,fixed,100,100,82,0.9534002962285643,0.8734002962285643,0.9174809989142236,0.8374809989142237
0.08,fixed,100,100,83,0.9205309451519128,0.8405309451519128,0.8935939196525515,0.8135939196525516
0.08,fixed,100,100,84,0.9478041937527414,0.8678041937527414,0.9207383279044516,0.8407383279044517
0.08,fixed,100,100,85,0.9426647100846895,0.8626647100846896,0.9001085776330076,0.8201085776330076
0.08,fixed,100,100,86,0.940986990760303,0.860986990760303,0.9033659066232356,0.8233659066232356
0.08,fixed,100,100,87,0.9671868624142635,0.8871868624142636,0.9207383279044516,0.8407383279044517
0.08,fixed,100,100,88,0.9642316288700841,0.8842316288700841,0.9163952225841476,0.8363952225841477
0.08,fixed,100,100,89,0.9120380436308325,0.8320380436308326,0.9044516829533116,0.8244516829533116
0.08,fixed,100,100,90,0.946936869433143,0.8669368694331431,0.9044516829533116,0.8244516829533116
0.08,fixed,100,100,91,0.9105724576775169,0.830572457677517,0.8979370249728555,0.8179370249728556
0.08,fixed,100,100,92,0.9384310878889057,0.8584310878889058,0.9163952225841476,0.8363952225841477
0.08,fixed,100,100,93,0.9353240345619576,0.8553240345619576,0.9087947882736156,0.8287947882736156
0.08,fixed,100,100,94,0.9404426447458308,0.8604426447458309,0.8914223669923995,0.8114223669923996
0.08,fixed,100,100,95,0.9433768116077513,0.8633768116077514,0.9066232356134636,0.8266232356134636
0.08,fixed,100,100,96,0.9302308495154405,0.8502308495154406,0.9142236699239956,0.8342236699239957
0.08,fixed,100,100,97,0.9281521084453304,0.8481521084453304,0.8946796959826275,0.8146796959826276
0.08,fixed,100,100,98,0.9237112963378842,0.8437112963378842,0.9055374592833876,0.8255374592833876
0.08,fixed,100,100,99,0.9476879759992011,0.8676879759992011,0.9120521172638436,0.8320521172638436
0.08,fixed,100,100,100,0.9441646400393439,0.8641646400393439,0.9066232356134636,0.8266232356134636
