Global Accuracy,Client 1 Accuracy,Client 2 Accuracy,Client 3 Accuracy,Client 4 Accuracy,Client 5 Accuracy,Client 6 Accuracy,Client 7 Accuracy,Client 8 Accuracy,Client 9 Accuracy,Client 10 Accuracy,Trial,Max Iter
0.9979591836734694,0.9971428571428571,0.996734693877551,0.9987755102040816,0.996734693877551,0.9963265306122449,0.996734693877551,0.9955102040816326,0.9979591836734694,0.9963265306122449,0.9975510204081632,1,100
0.9991836734693877,0.9983673469387755,0.9979591836734694,0.9971428571428571,0.9971428571428571,0.9979591836734694,0.9975510204081632,0.996734693877551,0.9975510204081632,0.9983673469387755,0.9963265306122449,2,100
0.9991836734693877,0.9983673469387755,0.9959183673469387,0.9971428571428571,0.9987755102040816,0.9987755102040816,0.9987755102040816,0.9971428571428571,0.9983673469387755,0.9959183673469387,0.9983673469387755,3,100
0.9987755102040816,0.9983673469387755,0.9979591836734694,0.9951020408163266,0.9979591836734694,0.996734693877551,0.9975510204081632,0.9971428571428571,0.9975510204081632,0.9991836734693877,0.9971428571428571,4,100
0.9995918367346939,0.9979591836734694,0.9959183673469387,0.9975510204081632,0.9991836734693877,0.9975510204081632,0.9987755102040816,0.9987755102040816,0.9987755102040816,0.9991836734693877,0.9975510204081632,5,100
0.9987755102040816,0.9959183673469387,0.9979591836734694,0.9979591836734694,0.9975510204081632,0.996734693877551,0.9971428571428571,0.996734693877551,0.9975510204081632,0.9975510204081632,0.9983673469387755,6,100
0.9983673469387755,0.9959183673469387,0.9971428571428571,0.9971428571428571,0.9975510204081632,0.9971428571428571,0.996734693877551,0.9975510204081632,0.9963265306122449,0.9979591836734694,0.9975510204081632,7,100
0.9983673469387755,0.9971428571428571,0.9959183673469387,0.9975510204081632,0.9971428571428571,0.996734693877551,0.9979591836734694,0.9963265306122449,0.996734693877551,0.9963265306122449,0.9963265306122449,8,100
0.9987755102040816,0.9991836734693877,0.9987755102040816,0.9979591836734694,0.9971428571428571,0.9959183673469387,0.9971428571428571,0.9955102040816326,0.9971428571428571,0.9983673469387755,0.9987755102040816,9,100
0.9979591836734694,0.996734693877551,0.996734693877551,0.996734693877551,0.9983673469387755,0.996734693877551,0.996734693877551,0.9971428571428571,0.9963265306122449,0.9963265306122449,0.9979591836734694,10,100
0.9975510204081632,0.9979591836734694,0.9975510204081632,0.996734693877551,0.996734693877551,0.9979591836734694,0.9975510204081632,0.9979591836734694,0.9979591836734694,0.9979591836734694,0.9979591836734694,11,100
0.9987755102040816,0.9971428571428571,0.9979591836734694,0.996734693877551,0.9971428571428571,0.9979591836734694,0.9975510204081632,0.996734693877551,0.9979591836734694,0.9975510204081632,0.9963265306122449,12,100
0.9995918367346939,0.9987755102040816,0.9991836734693877,0.9987755102040816,0.9983673469387755,0.9983673469387755,0.9979591836734694,0.9987755102040816,0.9995918367346939,0.9987755102040816,0.9979591836734694,13,100
0.9995918367346939,0.9983673469387755,0.9983673469387755,0.9979591836734694,0.9983673469387755,0.9987755102040816,0.9987755102040816,0.9971428571428571,0.9991836734693877,0.9991836734693877,0.9995918367346939,14,100
0.9971428571428571,0.996734693877551,0.9975510204081632,0.9959183673469387,0.9971428571428571,0.9963265306122449,0.9971428571428571,0.9971428571428571,0.996734693877551,0.9971428571428571,0.996734693877551,15,100
0.9991836734693877,0.9975510204081632,0.9971428571428571,0.9979591836734694,0.9979591836734694,0.9979591836734694,0.9983673469387755,0.9963265306122449,0.9991836734693877,0.9983673469387755,0.9983673469387755,16,100
0.9983673469387755,0.996734693877551,0.9983673469387755,0.9979591836734694,0.9979591836734694,0.9971428571428571,0.9979591836734694,0.9971428571428571,0.9983673469387755,0.996734693877551,0.9983673469387755,17,100
0.9991836734693877,0.9955102040816326,0.9983673469387755,0.9983673469387755,0.9983673469387755,0.9975510204081632,0.9975510204081632,0.9975510204081632,0.9971428571428571,0.9987755102040816,0.9971428571428571,18,100
0.9987755102040816,0.9983673469387755,0.9975510204081632,0.9959183673469387,0.996734693877551,0.9971428571428571,0.996734693877551,0.996734693877551,0.9955102040816326,0.9971428571428571,0.9971428571428571,19,100
0.9987755102040816,0.9971428571428571,0.9979591836734694,0.9983673469387755,0.9983673469387755,0.9975510204081632,0.9975510204081632,0.996734693877551,0.9979591836734694,0.9979591836734694,0.9983673469387755,20,100
0.9991836734693877,0.9991836734693877,0.9987755102040816,0.9979591836734694,0.9979591836734694,0.9983673469387755,0.9979591836734694,0.9991836734693877,0.9975510204081632,0.9975510204081632,0.9979591836734694,21,100
0.9987755102040816,0.9963265306122449,0.9987755102040816,0.9987755102040816,0.9987755102040816,0.9979591836734694,0.9975510204081632,0.9971428571428571,0.9983673469387755,0.9983673469387755,0.9975510204081632,22,100
0.9971428571428571,0.9959183673469387,0.9951020408163266,0.996734693877551,0.9946938775510205,0.9955102040816326,0.9963265306122449,0.9959183673469387,0.9959183673469387,0.9959183673469387,0.9946938775510205,23,100
0.9983673469387755,0.996734693877551,0.996734693877551,0.9975510204081632,0.9979591836734694,0.9963265306122449,0.996734693877551,0.996734693877551,0.9971428571428571,0.9975510204081632,0.996734693877551,24,100
0.9983673469387755,0.9963265306122449,0.9951020408163266,0.9959183673469387,0.996734693877551,0.9971428571428571,0.996734693877551,0.996734693877551,0.9963265306122449,0.9971428571428571,0.9963265306122449,25,100
0.9991836734693877,0.9987755102040816,0.996734693877551,0.9979591836734694,0.9979591836734694,0.9971428571428571,0.9983673469387755,0.9987755102040816,0.9987755102040816,0.9975510204081632,0.9975510204081632,26,100
0.9991836734693877,0.9991836734693877,0.9979591836734694,0.9987755102040816,0.9991836734693877,0.9995918367346939,0.9983673469387755,0.9983673469387755,0.9987755102040816,0.9975510204081632,0.9983673469387755,27,100
0.9975510204081632,0.9971428571428571,0.9963265306122449,0.9959183673469387,0.9975510204081632,0.9955102040816326,0.996734693877551,0.9971428571428571,0.9971428571428571,0.9971428571428571,0.9938775510204082,28,100
0.9983673469387755,0.9963265306122449,0.9963265306122449,0.996734693877551,0.9959183673469387,0.9983673469387755,0.996734693877551,0.9979591836734694,0.996734693877551,0.9963265306122449,0.9971428571428571,29,100
0.9979591836734694,0.9963265306122449,0.9951020408163266,0.9963265306122449,0.996734693877551,0.996734693877551,0.996734693877551,0.9971428571428571,0.9959183673469387,0.9955102040816326,0.9971428571428571,30,100
0.9983673469387755,0.9983673469387755,0.9979591836734694,0.9975510204081632,0.9975510204081632,0.9983673469387755,0.9979591836734694,0.9975510204081632,0.9983673469387755,0.9979591836734694,0.9959183673469387,31,100
0.9987755102040816,0.9975510204081632,0.9983673469387755,0.9971428571428571,0.9963265306122449,0.9983673469387755,0.996734693877551,0.9963265306122449,0.9983673469387755,0.9963265306122449,0.9983673469387755,32,100
0.9991836734693877,0.9975510204081632,0.9991836734693877,0.9971428571428571,0.9983673469387755,0.9995918367346939,0.9975510204081632,0.9991836734693877,0.9987755102040816,0.9971428571428571,0.9983673469387755,33,100
0.9975510204081632,0.996734693877551,0.9963265306122449,0.9963265306122449,0.9955102040816326,0.9963265306122449,0.9971428571428571,0.9975510204081632,0.9959183673469387,0.996734693877551,0.996734693877551,34,100
0.9979591836734694,0.9975510204081632,0.9946938775510205,0.9959183673469387,0.9951020408163266,0.9979591836734694,0.9975510204081632,0.9955102040816326,0.9955102040816326,0.996734693877551,0.9971428571428571,35,100
0.9983673469387755,0.996734693877551,0.9975510204081632,0.9959183673469387,0.9971428571428571,0.9975510204081632,0.996734693877551,0.9971428571428571,0.9959183673469387,0.9975510204081632,0.9963265306122449,36,100
0.9983673469387755,0.9963265306122449,0.9951020408163266,0.9971428571428571,0.9971428571428571,0.996734693877551,0.9971428571428571,0.9955102040816326,0.9951020408163266,0.996734693877551,0.9971428571428571,37,100
0.9983673469387755,0.9979591836734694,0.9975510204081632,0.9975510204081632,0.9975510204081632,0.9991836734693877,0.996734693877551,0.996734693877551,0.9975510204081632,0.9979591836734694,0.9955102040816326,38,100
0.9991836734693877,0.9975510204081632,0.9979591836734694,0.9987755102040816,0.9983673469387755,0.9983673469387755,0.9975510204081632,0.9987755102040816,0.9963265306122449,0.9975510204081632,0.9979591836734694,39,100
0.9979591836734694,0.9987755102040816,0.9959183673469387,0.9971428571428571,0.9959183673469387,0.9975510204081632,0.9979591836734694,0.9971428571428571,0.9983673469387755,0.9975510204081632,0.9959183673469387,40,100
0.9995918367346939,0.9987755102040816,0.9987755102040816,0.9979591836734694,0.9979591836734694,0.9987755102040816,0.9987755102040816,0.9983673469387755,0.9991836734693877,0.9995918367346939,0.9979591836734694,41,100
0.9987755102040816,0.9975510204081632,0.9971428571428571,0.9987755102040816,0.9975510204081632,0.996734693877551,0.9955102040816326,0.9975510204081632,0.9979591836734694,0.9979591836734694,0.9971428571428571,42,100
1.0,0.9971428571428571,0.9991836734693877,0.9975510204081632,0.9975510204081632,0.9975510204081632,0.9983673469387755,0.9991836734693877,0.9991836734693877,0.9991836734693877,0.9991836734693877,43,100
0.9979591836734694,0.996734693877551,0.9963265306122449,0.9983673469387755,0.9979591836734694,0.9983673469387755,0.9955102040816326,0.9975510204081632,0.9963265306122449,0.9963265306122449,0.9975510204081632,44,100
0.9963265306122449,0.996734693877551,0.996734693877551,0.996734693877551,0.9975510204081632,0.9959183673469387,0.9955102040816326,0.996734693877551,0.9971428571428571,0.9963265306122449,0.9971428571428571,45,100
0.9975510204081632,0.9963265306122449,0.9963265306122449,0.9971428571428571,0.9959183673469387,0.9963265306122449,0.9955102040816326,0.996734693877551,0.996734693877551,0.996734693877551,0.9963265306122449,46,100
0.9975510204081632,0.9971428571428571,0.9971428571428571,0.996734693877551,0.9963265306122449,0.9971428571428571,0.9955102040816326,0.996734693877551,0.9975510204081632,0.9975510204081632,0.9963265306122449,47,100
0.9987755102040816,0.996734693877551,0.9951020408163266,0.9979591836734694,0.9963265306122449,0.9983673469387755,0.9955102040816326,0.996734693877551,0.9959183673469387,0.9959183673469387,0.9979591836734694,48,100
0.996734693877551,0.9951020408163266,0.996734693877551,0.9963265306122449,0.9959183673469387,0.996734693877551,0.996734693877551,0.9955102040816326,0.9971428571428571,0.9951020408163266,0.996734693877551,49,100
0.9983673469387755,0.9975510204081632,0.9955102040816326,0.9979591836734694,0.9979591836734694,0.9983673469387755,0.9963265306122449,0.9971428571428571,0.9975510204081632,0.9983673469387755,0.9987755102040816,50,100
0.9975510204081632,0.9922448979591837,0.9983673469387755,0.9963265306122449,0.9975510204081632,0.996734693877551,0.9963265306122449,0.996734693877551,0.9963265306122449,0.9963265306122449,0.9959183673469387,51,100
0.9975510204081632,0.9979591836734694,0.9963265306122449,0.996734693877551,0.9959183673469387,0.9963265306122449,0.9975510204081632,0.996734693877551,0.9975510204081632,0.9959183673469387,0.9959183673469387,52,100
0.9975510204081632,0.9971428571428571,0.9971428571428571,0.996734693877551,0.9963265306122449,0.9971428571428571,0.9955102040816326,0.996734693877551,0.9975510204081632,0.9975510204081632,0.9963265306122449,53,100
0.9987755102040816,0.9979591836734694,0.9975510204081632,0.9987755102040816,0.9979591836734694,0.9971428571428571,0.9975510204081632,0.9975510204081632,0.9983673469387755,0.9991836734693877,0.9971428571428571,54,100
0.9995918367346939,0.9991836734693877,0.996734693877551,0.9991836734693877,0.9975510204081632,0.9983673469387755,0.9987755102040816,0.9975510204081632,0.9975510204081632,0.9975510204081632,0.9991836734693877,55,100
0.9987755102040816,0.9971428571428571,0.9979591836734694,0.9971428571428571,0.9991836734693877,0.9959183673469387,0.9959183673469387,0.9979591836734694,0.996734693877551,0.9963265306122449,0.9971428571428571,56,100
0.9995918367346939,0.9979591836734694,0.9979591836734694,0.9991836734693877,0.9987755102040816,0.9971428571428571,0.9987755102040816,0.9983673469387755,0.9995918367346939,0.9979591836734694,0.9987755102040816,57,100
0.9987755102040816,0.996734693877551,0.9951020408163266,0.9979591836734694,0.9963265306122449,0.9983673469387755,0.9955102040816326,0.996734693877551,0.9959183673469387,0.9959183673469387,0.9979591836734694,58,100
0.9987755102040816,0.9983673469387755,0.996734693877551,0.9971428571428571,0.9963265306122449,0.9987755102040816,0.9971428571428571,0.9959183673469387,0.9979591836734694,0.9983673469387755,0.9983673469387755,59,100
0.9979591836734694,0.9971428571428571,0.996734693877551,0.9975510204081632,0.996734693877551,0.9963265306122449,0.9963265306122449,0.9963265306122449,0.9971428571428571,0.996734693877551,0.996734693877551,60,100
0.9987755102040816,0.9971428571428571,0.9979591836734694,0.9983673469387755,0.996734693877551,0.9983673469387755,0.9955102040816326,0.9975510204081632,0.9975510204081632,0.9963265306122449,0.996734693877551,61,100
0.9987755102040816,0.9979591836734694,0.9987755102040816,0.9979591836734694,0.9963265306122449,0.996734693877551,0.9975510204081632,0.9963265306122449,0.9955102040816326,0.9979591836734694,0.9963265306122449,62,100
0.9991836734693877,0.9975510204081632,0.9983673469387755,0.9971428571428571,0.9979591836734694,0.9987755102040816,0.9975510204081632,0.9975510204081632,0.9979591836734694,0.9979591836734694,0.9959183673469387,63,100
0.9991836734693877,0.9971428571428571,0.9971428571428571,0.9975510204081632,0.9971428571428571,0.9983673469387755,0.9975510204081632,0.9983673469387755,0.9975510204081632,0.9983673469387755,0.9979591836734694,64,100
0.9987755102040816,0.9971428571428571,0.9971428571428571,0.996734693877551,0.9983673469387755,0.9975510204081632,0.9983673469387755,0.9975510204081632,0.9963265306122449,0.9979591836734694,0.9946938775510205,65,100
0.9979591836734694,0.9963265306122449,0.9951020408163266,0.9963265306122449,0.996734693877551,0.996734693877551,0.996734693877551,0.9971428571428571,0.9959183673469387,0.9955102040816326,0.9971428571428571,66,100
0.9987755102040816,0.9946938775510205,0.9975510204081632,0.9975510204081632,0.996734693877551,0.9979591836734694,0.9971428571428571,0.9975510204081632,0.9975510204081632,0.9959183673469387,0.9951020408163266,67,100
0.9991836734693877,0.9975510204081632,0.9959183673469387,0.9983673469387755,0.9971428571428571,0.9959183673469387,0.9955102040816326,0.9975510204081632,0.9979591836734694,0.9979591836734694,0.9975510204081632,68,100
0.9991836734693877,0.9983673469387755,0.9975510204081632,0.9975510204081632,0.9983673469387755,0.9975510204081632,0.9979591836734694,0.996734693877551,0.9975510204081632,0.9975510204081632,0.9983673469387755,69,100
0.9983673469387755,0.9975510204081632,0.9955102040816326,0.9979591836734694,0.9979591836734694,0.9983673469387755,0.9963265306122449,0.9971428571428571,0.9975510204081632,0.9983673469387755,0.9987755102040816,70,100
0.9987755102040816,0.9987755102040816,0.9971428571428571,0.9979591836734694,0.9955102040816326,0.996734693877551,0.9975510204081632,0.9975510204081632,0.9963265306122449,0.9979591836734694,0.9987755102040816,71,100
0.9987755102040816,0.9979591836734694,0.9987755102040816,0.9979591836734694,0.9963265306122449,0.996734693877551,0.9975510204081632,0.9963265306122449,0.9955102040816326,0.9979591836734694,0.9963265306122449,72,100
0.996734693877551,0.9959183673469387,0.9963265306122449,0.9938775510204082,0.9955102040816326,0.9955102040816326,0.9963265306122449,0.9975510204081632,0.996734693877551,0.9979591836734694,0.9963265306122449,73,100
0.9995918367346939,0.9995918367346939,0.9991836734693877,0.9987755102040816,0.9991836734693877,0.9991836734693877,0.9975510204081632,0.9995918367346939,0.9987755102040816,0.9987755102040816,0.9979591836734694,74,100
0.9991836734693877,0.9987755102040816,0.9979591836734694,0.9991836734693877,0.9979591836734694,0.9987755102040816,0.9983673469387755,0.9979591836734694,0.9987755102040816,0.9995918367346939,0.9983673469387755,75,100
0.9983673469387755,0.9963265306122449,0.9963265306122449,0.996734693877551,0.996734693877551,0.9971428571428571,0.9963265306122449,0.996734693877551,0.9979591836734694,0.996734693877551,0.9971428571428571,76,100
0.9987755102040816,0.9983673469387755,0.996734693877551,0.9971428571428571,0.9963265306122449,0.9987755102040816,0.9971428571428571,0.9959183673469387,0.9979591836734694,0.9983673469387755,0.9983673469387755,77,100
0.9983673469387755,0.9971428571428571,0.9963265306122449,0.9987755102040816,0.9979591836734694,0.9959183673469387,0.9975510204081632,0.9971428571428571,0.9975510204081632,0.9971428571428571,0.996734693877551,78,100
0.9987755102040816,0.9959183673469387,0.9975510204081632,0.9983673469387755,0.9975510204081632,0.9975510204081632,0.9975510204081632,0.9979591836734694,0.9971428571428571,0.9983673469387755,0.9975510204081632,79,100
0.9975510204081632,0.9959183673469387,0.9971428571428571,0.996734693877551,0.9963265306122449,0.996734693877551,0.9971428571428571,0.9963265306122449,0.996734693877551,0.9951020408163266,0.9975510204081632,80,100
0.9991836734693877,0.9979591836734694,0.9983673469387755,0.9983673469387755,0.996734693877551,0.9971428571428571,0.9979591836734694,0.9987755102040816,0.9975510204081632,0.9983673469387755,0.9995918367346939,81,100
0.9983673469387755,0.9955102040816326,0.996734693877551,0.996734693877551,0.9971428571428571,0.996734693877551,0.9975510204081632,0.9991836734693877,0.9987755102040816,0.996734693877551,0.9959183673469387,82,100
0.9987755102040816,0.9983673469387755,0.9987755102040816,0.996734693877551,0.9975510204081632,0.9979591836734694,0.996734693877551,0.9971428571428571,0.9975510204081632,0.9979591836734694,0.9991836734693877,83,100
0.9995918367346939,0.9975510204081632,0.9975510204081632,0.9975510204081632,0.996734693877551,0.9987755102040816,0.9983673469387755,0.9971428571428571,0.9979591836734694,0.9983673469387755,0.9983673469387755,84,100
0.9987755102040816,0.9983673469387755,0.996734693877551,0.9971428571428571,0.9963265306122449,0.9987755102040816,0.9971428571428571,0.9959183673469387,0.9979591836734694,0.9983673469387755,0.9983673469387755,85,100
1.0,0.9991836734693877,0.9979591836734694,0.9987755102040816,0.9983673469387755,0.9975510204081632,0.9975510204081632,1.0,0.9979591836734694,0.9991836734693877,0.9995918367346939,86,100
0.9995918367346939,0.9979591836734694,0.9987755102040816,0.9983673469387755,0.9979591836734694,0.9979591836734694,0.9987755102040816,0.9991836734693877,0.9987755102040816,0.9991836734693877,0.9995918367346939,87,100
0.9991836734693877,0.9995918367346939,0.9987755102040816,0.9975510204081632,0.9979591836734694,0.9987755102040816,0.9991836734693877,0.9995918367346939,0.9987755102040816,0.9987755102040816,0.9987755102040816,88,100
0.9987755102040816,0.9979591836734694,0.9991836734693877,0.9975510204081632,0.9959183673469387,0.9971428571428571,0.996734693877551,0.996734693877551,0.9975510204081632,0.9983673469387755,0.9979591836734694,89,100
0.9979591836734694,0.9971428571428571,0.9975510204081632,0.9963265306122449,0.9983673469387755,0.9983673469387755,0.9951020408163266,0.9983673469387755,0.996734693877551,0.9979591836734694,0.9955102040816326,90,100
0.9995918367346939,0.9983673469387755,0.9975510204081632,0.9955102040816326,0.9987755102040816,0.9971428571428571,0.9963265306122449,0.9995918367346939,0.9991836734693877,0.9983673469387755,0.9979591836734694,91,100
0.9987755102040816,0.9971428571428571,0.9975510204081632,0.9979591836734694,0.9983673469387755,0.9975510204081632,0.9971428571428571,0.9983673469387755,0.9979591836734694,0.9983673469387755,0.9983673469387755,92,100
0.9987755102040816,0.9975510204081632,0.996734693877551,0.9979591836734694,0.9975510204081632,0.9975510204081632,0.9963265306122449,0.996734693877551,0.9959183673469387,0.9983673469387755,0.9975510204081632,93,100
1.0,0.9983673469387755,0.9979591836734694,0.9987755102040816,0.9987755102040816,0.9987755102040816,0.9979591836734694,0.9975510204081632,0.9991836734693877,0.9987755102040816,0.9991836734693877,94,100
0.9995918367346939,0.9987755102040816,0.9987755102040816,0.9987755102040816,0.9987755102040816,0.9975510204081632,0.9971428571428571,1.0,0.9987755102040816,0.9991836734693877,0.9983673469387755,95,100
0.9979591836734694,0.9951020408163266,0.9963265306122449,0.9955102040816326,0.996734693877551,0.996734693877551,0.9963265306122449,0.9959183673469387,0.9963265306122449,0.9963265306122449,0.9979591836734694,96,100
0.9979591836734694,0.9975510204081632,0.9975510204081632,0.9975510204081632,0.9963265306122449,0.9971428571428571,0.9951020408163266,0.9951020408163266,0.996734693877551,0.9955102040816326,0.996734693877551,97,100
0.9983673469387755,0.9963265306122449,0.9955102040816326,0.9971428571428571,0.996734693877551,0.9971428571428571,0.996734693877551,0.9963265306122449,0.9975510204081632,0.9983673469387755,0.9971428571428571,98,100
0.9987755102040816,0.9975510204081632,0.9971428571428571,0.9971428571428571,0.996734693877551,0.9983673469387755,0.996734693877551,0.9983673469387755,0.9975510204081632,0.9971428571428571,0.9963265306122449,99,100
0.9975510204081632,0.9971428571428571,0.9971428571428571,0.9959183673469387,0.9971428571428571,0.9987755102040816,0.9971428571428571,0.996734693877551,0.9975510204081632,0.996734693877551,0.9983673469387755,100,100
0.9987755102040816,0.9983673469387755,0.9983673469387755,0.9959183673469387,0.9963265306122449,0.9975510204081632,0.9987755102040816,0.9991836734693877,0.9983673469387755,0.9971428571428571,0.9983673469387755,101,100
0.9983673469387755,0.996734693877551,0.9971428571428571,0.9979591836734694,0.9975510204081632,0.9983673469387755,0.9971428571428571,0.9971428571428571,0.9983673469387755,0.9975510204081632,0.9971428571428571,102,100
0.9975510204081632,0.9975510204081632,0.9946938775510205,0.9971428571428571,0.9979591836734694,0.996734693877551,0.9959183673469387,0.9955102040816326,0.996734693877551,0.9951020408163266,0.996734693877551,103,100
0.9979591836734694,0.9963265306122449,0.9975510204081632,0.9971428571428571,0.9946938775510205,0.9963265306122449,0.9983673469387755,0.9971428571428571,0.9959183673469387,0.9971428571428571,0.9975510204081632,104,100
0.9983673469387755,0.9963265306122449,0.9963265306122449,0.996734693877551,0.9971428571428571,0.9959183673469387,0.996734693877551,0.996734693877551,0.996734693877551,0.9951020408163266,0.996734693877551,105,100
0.9975510204081632,0.9971428571428571,0.9975510204081632,0.9963265306122449,0.9971428571428571,0.9971428571428571,0.9971428571428571,0.9971428571428571,0.996734693877551,0.996734693877551,0.9979591836734694,106,100
0.9979591836734694,0.9975510204081632,0.9946938775510205,0.9959183673469387,0.9951020408163266,0.9979591836734694,0.9975510204081632,0.9955102040816326,0.9955102040816326,0.996734693877551,0.9971428571428571,107,100
0.9995918367346939,0.9983673469387755,0.9987755102040816,0.9983673469387755,0.9983673469387755,0.9983673469387755,0.9975510204081632,0.9971428571428571,0.9983673469387755,0.9979591836734694,0.9979591836734694,108,100
0.9995918367346939,0.9979591836734694,0.9955102040816326,0.9979591836734694,0.9975510204081632,0.9979591836734694,0.9975510204081632,0.9983673469387755,0.9975510204081632,0.9987755102040816,0.9987755102040816,109,100
0.9987755102040816,0.9959183673469387,0.9979591836734694,0.996734693877551,0.9959183673469387,0.9975510204081632,0.996734693877551,0.9975510204081632,0.996734693877551,0.9959183673469387,0.9975510204081632,110,100
0.9991836734693877,0.9979591836734694,0.9971428571428571,0.9979591836734694,0.9991836734693877,0.9979591836734694,0.9971428571428571,0.9971428571428571,0.9983673469387755,0.9955102040816326,0.9975510204081632,111,100
0.9987755102040816,0.996734693877551,0.9951020408163266,0.9979591836734694,0.9963265306122449,0.9983673469387755,0.9955102040816326,0.996734693877551,0.9959183673469387,0.9959183673469387,0.9979591836734694,112,100
0.9995918367346939,0.9975510204081632,0.9991836734693877,0.9987755102040816,0.996734693877551,0.9983673469387755,0.9987755102040816,0.9991836734693877,0.9983673469387755,1.0,0.9975510204081632,113,100
0.9991836734693877,0.9987755102040816,0.9979591836734694,0.9991836734693877,0.996734693877551,0.9959183673469387,0.9975510204081632,0.9983673469387755,0.996734693877551,0.9971428571428571,0.9971428571428571,114,100
0.9987755102040816,0.996734693877551,0.9963265306122449,0.9975510204081632,0.996734693877551,0.9987755102040816,0.9971428571428571,0.9959183673469387,0.9975510204081632,0.9963265306122449,0.9971428571428571,115,100
0.9991836734693877,0.9979591836734694,0.9975510204081632,0.9979591836734694,0.9971428571428571,0.9959183673469387,0.9959183673469387,0.9971428571428571,0.996734693877551,0.9971428571428571,0.9983673469387755,116,100
0.9991836734693877,0.9975510204081632,0.9975510204081632,0.9979591836734694,0.9983673469387755,0.9987755102040816,0.9987755102040816,0.9979591836734694,0.9979591836734694,0.996734693877551,0.9979591836734694,117,100
0.9975510204081632,0.9987755102040816,0.996734693877551,0.996734693877551,0.9963265306122449,0.996734693877551,0.9979591836734694,0.9979591836734694,0.9975510204081632,0.9963265306122449,0.996734693877551,118,100
0.9991836734693877,0.9971428571428571,0.9971428571428571,0.996734693877551,0.9975510204081632,0.9983673469387755,0.9983673469387755,0.9979591836734694,0.9983673469387755,0.9975510204081632,0.9983673469387755,119,100
0.9991836734693877,0.9971428571428571,0.9987755102040816,0.9983673469387755,0.9975510204081632,0.9987755102040816,0.9975510204081632,0.9979591836734694,0.9963265306122449,0.9987755102040816,0.9955102040816326,120,100
0.9979591836734694,0.9963265306122449,0.9979591836734694,0.9959183673469387,0.9979591836734694,0.9951020408163266,0.996734693877551,0.9971428571428571,0.996734693877551,0.9971428571428571,0.9971428571428571,121,100
0.9987755102040816,0.9991836734693877,0.9987755102040816,0.9979591836734694,0.9955102040816326,0.9983673469387755,0.9979591836734694,0.9983673469387755,0.996734693877551,0.9987755102040816,0.9983673469387755,122,100
0.9979591836734694,0.9971428571428571,0.996734693877551,0.9971428571428571,0.9963265306122449,0.9979591836734694,0.996734693877551,0.9975510204081632,0.9955102040816326,0.9987755102040816,0.9987755102040816,123,100
0.9975510204081632,0.9959183673469387,0.9971428571428571,0.996734693877551,0.9963265306122449,0.996734693877551,0.9971428571428571,0.9963265306122449,0.996734693877551,0.9951020408163266,0.9975510204081632,124,100
0.9995918367346939,0.9975510204081632,0.9975510204081632,0.9975510204081632,0.9975510204081632,0.9983673469387755,0.9987755102040816,0.9971428571428571,0.9983673469387755,0.9987755102040816,0.9963265306122449,125,100
0.9975510204081632,0.996734693877551,0.9959183673469387,0.9971428571428571,0.9955102040816326,0.9951020408163266,0.9975510204081632,0.9979591836734694,0.996734693877551,0.9963265306122449,0.9963265306122449,126,100
0.9987755102040816,0.996734693877551,0.9983673469387755,0.9971428571428571,0.9963265306122449,0.9971428571428571,0.9983673469387755,0.9959183673469387,0.9983673469387755,0.9983673469387755,0.9975510204081632,127,100
0.9983673469387755,0.9983673469387755,0.9983673469387755,0.9975510204081632,0.9959183673469387,0.9987755102040816,0.9963265306122449,0.9959183673469387,0.9987755102040816,0.996734693877551,0.9987755102040816,128,100
0.9991836734693877,0.9979591836734694,0.9979591836734694,0.996734693877551,0.9979591836734694,0.9979591836734694,0.9979591836734694,0.9987755102040816,0.9983673469387755,0.9987755102040816,0.996734693877551,129,100
0.9975510204081632,0.9959183673469387,0.9955102040816326,0.9975510204081632,0.996734693877551,0.9955102040816326,0.996734693877551,0.9959183673469387,0.9959183673469387,0.9951020408163266,0.9979591836734694,130,100
0.9983673469387755,0.9959183673469387,0.9971428571428571,0.9951020408163266,0.9991836734693877,0.9979591836734694,0.9971428571428571,0.9963265306122449,0.9951020408163266,0.9955102040816326,0.9959183673469387,131,100
0.9995918367346939,0.9975510204081632,0.9983673469387755,0.9971428571428571,0.9971428571428571,0.9979591836734694,0.9975510204081632,0.9991836734693877,0.9983673469387755,0.9991836734693877,0.9979591836734694,132,100
0.9979591836734694,0.9963265306122449,0.9971428571428571,0.9975510204081632,0.9979591836734694,0.9951020408163266,0.996734693877551,0.9975510204081632,0.9975510204081632,0.9983673469387755,0.9979591836734694,133,100
0.9987755102040816,0.9979591836734694,0.9979591836734694,0.9971428571428571,0.9987755102040816,0.9959183673469387,0.9955102040816326,0.9979591836734694,0.9975510204081632,0.9971428571428571,0.9987755102040816,134,100
0.9995918367346939,0.9987755102040816,0.9983673469387755,0.9983673469387755,0.9991836734693877,0.9987755102040816,1.0,0.9979591836734694,0.9987755102040816,0.9987755102040816,0.9983673469387755,135,100
0.9995918367346939,0.9971428571428571,0.9975510204081632,0.9987755102040816,0.9987755102040816,0.9987755102040816,0.9983673469387755,0.9983673469387755,0.996734693877551,0.9979591836734694,0.9979591836734694,136,100
0.9995918367346939,0.9971428571428571,0.9975510204081632,0.9987755102040816,0.9979591836734694,0.9995918367346939,0.9975510204081632,0.9987755102040816,0.9983673469387755,0.9995918367346939,0.9983673469387755,137,100
0.9979591836734694,0.9979591836734694,0.996734693877551,0.9979591836734694,0.9979591836734694,0.9971428571428571,0.996734693877551,0.9963265306122449,0.9959183673469387,0.9975510204081632,0.9975510204081632,138,100
0.9991836734693877,0.9979591836734694,0.9971428571428571,0.9987755102040816,0.9983673469387755,0.9983673469387755,0.9971428571428571,0.9983673469387755,0.9971428571428571,0.9975510204081632,0.9979591836734694,139,100
0.9987755102040816,0.9971428571428571,0.9955102040816326,0.9971428571428571,0.996734693877551,0.9971428571428571,0.996734693877551,0.9979591836734694,0.9971428571428571,0.9975510204081632,0.9975510204081632,140,100
0.9991836734693877,0.9983673469387755,0.9979591836734694,0.9975510204081632,0.9983673469387755,0.9983673469387755,0.9979591836734694,0.9987755102040816,0.9979591836734694,0.9979591836734694,0.9971428571428571,141,100
0.9991836734693877,0.996734693877551,0.9955102040816326,0.9983673469387755,0.9971428571428571,0.996734693877551,0.9971428571428571,0.9979591836734694,0.9975510204081632,0.9955102040816326,0.996734693877551,142,100
0.9995918367346939,0.9983673469387755,0.9979591836734694,1.0,0.9975510204081632,0.9971428571428571,0.9983673469387755,0.9979591836734694,0.9983673469387755,0.9987755102040816,0.9971428571428571,143,100
0.9995918367346939,0.9971428571428571,0.9975510204081632,0.9987755102040816,0.9987755102040816,0.9987755102040816,0.9983673469387755,0.9983673469387755,0.996734693877551,0.9979591836734694,0.9979591836734694,144,100
0.9987755102040816,0.9979591836734694,0.996734693877551,0.996734693877551,0.996734693877551,0.9979591836734694,0.9979591836734694,0.9975510204081632,0.9975510204081632,0.9987755102040816,0.9963265306122449,145,100
0.9991836734693877,0.9971428571428571,0.996734693877551,0.9979591836734694,0.9979591836734694,0.996734693877551,0.9971428571428571,0.9979591836734694,0.9975510204081632,0.9987755102040816,0.996734693877551,146,100
0.9983673469387755,0.9983673469387755,0.9971428571428571,0.9987755102040816,0.9963265306122449,0.9971428571428571,0.9979591836734694,0.9979591836734694,0.9983673469387755,0.9987755102040816,0.9983673469387755,147,100
0.9983673469387755,0.9983673469387755,0.9983673469387755,0.996734693877551,0.9975510204081632,0.996734693877551,0.9991836734693877,0.9959183673469387,0.996734693877551,0.9971428571428571,0.9975510204081632,148,100
0.996734693877551,0.9951020408163266,0.996734693877551,0.9963265306122449,0.9959183673469387,0.996734693877551,0.996734693877551,0.9955102040816326,0.9971428571428571,0.9951020408163266,0.996734693877551,149,100
0.9975510204081632,0.9979591836734694,0.996734693877551,0.9963265306122449,0.9975510204081632,0.9971428571428571,0.9979591836734694,0.9987755102040816,0.9959183673469387,0.9971428571428571,0.9975510204081632,150,100
0.9987755102040816,0.9979591836734694,0.9983673469387755,0.9975510204081632,0.9971428571428571,1.0,0.9983673469387755,0.9983673469387755,0.9979591836734694,0.9987755102040816,0.9979591836734694,151,100
0.9991836734693877,0.9983673469387755,0.9971428571428571,0.9979591836734694,0.9983673469387755,0.9983673469387755,0.9975510204081632,0.9975510204081632,0.9991836734693877,0.9983673469387755,0.9983673469387755,152,100
0.9995918367346939,0.9979591836734694,0.9983673469387755,0.9987755102040816,0.9959183673469387,0.9987755102040816,0.9983673469387755,0.9979591836734694,0.9983673469387755,0.9987755102040816,0.9991836734693877,153,100
0.9983673469387755,0.9979591836734694,1.0,0.9975510204081632,0.9959183673469387,0.996734693877551,0.9983673469387755,0.9983673469387755,0.9979591836734694,0.9975510204081632,0.9979591836734694,154,100
0.9987755102040816,0.9979591836734694,0.9971428571428571,0.9975510204081632,0.9979591836734694,0.9995918367346939,0.9987755102040816,0.996734693877551,0.9987755102040816,0.9987755102040816,0.9975510204081632,155,100
0.9991836734693877,0.9983673469387755,0.9975510204081632,0.9971428571428571,0.9983673469387755,0.9983673469387755,0.9971428571428571,0.9987755102040816,0.9987755102040816,0.9979591836734694,0.9983673469387755,156,100
0.9987755102040816,0.9975510204081632,0.9975510204081632,0.9983673469387755,0.9979591836734694,0.9971428571428571,0.9987755102040816,0.9963265306122449,0.9934693877551021,0.9975510204081632,0.9983673469387755,157,100
0.9991836734693877,0.9983673469387755,0.9971428571428571,0.9979591836734694,0.9983673469387755,0.9983673469387755,0.9975510204081632,0.9975510204081632,0.9991836734693877,0.9983673469387755,0.9983673469387755,158,100
1.0,0.9987755102040816,0.9975510204081632,0.9983673469387755,0.9979591836734694,0.9971428571428571,0.9963265306122449,0.9955102040816326,0.9975510204081632,0.9971428571428571,0.9975510204081632,159,100
0.9983673469387755,0.996734693877551,0.9971428571428571,0.9979591836734694,0.9975510204081632,0.9983673469387755,0.9971428571428571,0.9971428571428571,0.9983673469387755,0.9975510204081632,0.9971428571428571,160,100
0.9991836734693877,0.996734693877551,0.9963265306122449,0.9971428571428571,0.9959183673469387,0.9975510204081632,0.9971428571428571,0.9975510204081632,0.9983673469387755,0.9987755102040816,0.9971428571428571,161,100
0.9991836734693877,0.9991836734693877,0.9975510204081632,0.9991836734693877,0.9975510204081632,0.9987755102040816,0.9983673469387755,0.9991836734693877,0.9987755102040816,0.9979591836734694,0.9987755102040816,162,100
0.9979591836734694,0.996734693877551,0.9963265306122449,0.9946938775510205,0.9959183673469387,0.9955102040816326,0.9959183673469387,0.9959183673469387,0.9959183673469387,0.9959183673469387,0.9959183673469387,163,100
0.9983673469387755,0.9979591836734694,1.0,0.9975510204081632,0.9959183673469387,0.996734693877551,0.9983673469387755,0.9983673469387755,0.9979591836734694,0.9975510204081632,0.9979591836734694,164,100
0.9987755102040816,0.9963265306122449,0.9955102040816326,0.9975510204081632,0.9987755102040816,0.9983673469387755,0.9959183673469387,0.9979591836734694,0.9983673469387755,0.9959183673469387,0.9971428571428571,165,100
0.9987755102040816,0.9983673469387755,0.9971428571428571,0.9983673469387755,0.9975510204081632,0.996734693877551,0.9983673469387755,0.9979591836734694,0.9975510204081632,0.996734693877551,0.9991836734693877,166,100
0.9983673469387755,0.9971428571428571,0.9951020408163266,0.9979591836734694,0.996734693877551,0.9971428571428571,0.9979591836734694,0.9959183673469387,0.9975510204081632,0.9975510204081632,0.996734693877551,167,100
0.9983673469387755,0.9979591836734694,0.996734693877551,0.9971428571428571,0.9963265306122449,0.9971428571428571,0.9983673469387755,0.9951020408163266,0.9983673469387755,0.9963265306122449,0.9983673469387755,168,100
0.9995918367346939,0.9979591836734694,0.9979591836734694,0.9991836734693877,0.9987755102040816,0.9971428571428571,0.9987755102040816,0.9983673469387755,0.9995918367346939,0.9979591836734694,0.9987755102040816,169,100
0.9979591836734694,0.996734693877551,0.9975510204081632,0.9959183673469387,0.9955102040816326,0.9979591836734694,0.9979591836734694,0.9971428571428571,0.9963265306122449,0.996734693877551,0.9975510204081632,170,100
0.9991836734693877,0.9987755102040816,0.9991836734693877,0.9991836734693877,0.9971428571428571,0.9971428571428571,0.9995918367346939,0.9983673469387755,0.9983673469387755,0.9971428571428571,0.9995918367346939,171,100
0.9991836734693877,0.9983673469387755,0.9946938775510205,0.9979591836734694,0.9983673469387755,0.9979591836734694,0.9983673469387755,0.9975510204081632,0.9971428571428571,0.9987755102040816,0.9983673469387755,172,100
0.9963265306122449,0.9955102040816326,0.9963265306122449,0.9934693877551021,0.9951020408163266,0.9951020408163266,0.996734693877551,0.9951020408163266,0.9951020408163266,0.9946938775510205,0.996734693877551,173,100
0.9983673469387755,0.9975510204081632,0.9975510204081632,0.9963265306122449,0.9959183673469387,0.9979591836734694,0.996734693877551,0.9979591836734694,0.9971428571428571,0.9971428571428571,0.9963265306122449,174,100
0.9983673469387755,0.9975510204081632,0.9955102040816326,0.9975510204081632,0.9959183673469387,0.9959183673469387,0.9979591836734694,0.9955102040816326,0.9951020408163266,0.9963265306122449,0.9971428571428571,175,100
0.9987755102040816,0.9979591836734694,0.9983673469387755,0.9983673469387755,0.9975510204081632,0.9971428571428571,0.9991836734693877,0.9975510204081632,0.9979591836734694,0.9983673469387755,0.9983673469387755,176,100
0.9979591836734694,0.9983673469387755,0.9971428571428571,0.9983673469387755,0.9983673469387755,0.996734693877551,0.9955102040816326,0.9955102040816326,0.9946938775510205,0.9963265306122449,0.9971428571428571,177,100
0.9983673469387755,0.9971428571428571,0.9979591836734694,0.9975510204081632,0.9963265306122449,0.9971428571428571,0.9971428571428571,0.9979591836734694,0.9983673469387755,0.9971428571428571,0.996734693877551,178,100
0.9987755102040816,0.9991836734693877,0.9979591836734694,0.996734693877551,0.9975510204081632,0.996734693877551,0.996734693877551,0.9963265306122449,0.9959183673469387,0.9983673469387755,0.996734693877551,179,100
0.9979591836734694,0.9975510204081632,0.9975510204081632,0.9971428571428571,0.9979591836734694,0.9971428571428571,0.9975510204081632,0.9963265306122449,0.9979591836734694,0.9963265306122449,0.996734693877551,180,100
0.9991836734693877,0.9979591836734694,0.996734693877551,0.9979591836734694,0.9971428571428571,0.9955102040816326,0.9963265306122449,0.996734693877551,0.9983673469387755,0.9975510204081632,0.9983673469387755,181,100
0.9987755102040816,0.9971428571428571,0.9983673469387755,0.9971428571428571,0.9971428571428571,0.9971428571428571,0.9987755102040816,0.9971428571428571,0.9987755102040816,0.9979591836734694,0.9983673469387755,182,100
0.9979591836734694,0.9946938775510205,0.9955102040816326,0.9963265306122449,0.996734693877551,0.9955102040816326,0.9971428571428571,0.9963265306122449,0.9959183673469387,0.9975510204081632,0.9951020408163266,183,100
0.9991836734693877,0.9987755102040816,1.0,0.9979591836734694,0.9995918367346939,0.9983673469387755,0.9975510204081632,0.9979591836734694,0.9995918367346939,1.0,0.9983673469387755,184,100
0.9979591836734694,0.9975510204081632,0.996734693877551,0.9975510204081632,0.996734693877551,0.996734693877551,0.996734693877551,0.9979591836734694,0.9987755102040816,0.996734693877551,0.996734693877551,185,100
0.9979591836734694,0.9955102040816326,0.9959183673469387,0.9963265306122449,0.9975510204081632,0.9946938775510205,0.9963265306122449,0.9979591836734694,0.9971428571428571,0.9979591836734694,0.9963265306122449,186,100
0.9983673469387755,0.9975510204081632,0.9975510204081632,0.9971428571428571,0.9971428571428571,0.9987755102040816,0.9979591836734694,0.9975510204081632,0.9975510204081632,0.996734693877551,0.9971428571428571,187,100
0.9987755102040816,0.9979591836734694,0.996734693877551,0.9983673469387755,0.9975510204081632,0.9983673469387755,0.996734693877551,0.996734693877551,0.996734693877551,0.996734693877551,0.9979591836734694,188,100
0.9991836734693877,0.9975510204081632,0.996734693877551,0.9983673469387755,0.9987755102040816,0.9983673469387755,0.9991836734693877,0.9975510204081632,0.9987755102040816,0.9987755102040816,0.9983673469387755,189,100
0.9987755102040816,0.9971428571428571,0.9979591836734694,0.996734693877551,0.9971428571428571,0.9979591836734694,0.9975510204081632,0.996734693877551,0.9979591836734694,0.9975510204081632,0.9963265306122449,190,100
0.9995918367346939,0.996734693877551,0.9983673469387755,0.9979591836734694,0.9991836734693877,0.9983673469387755,0.9983673469387755,0.9987755102040816,0.9975510204081632,0.9979591836734694,0.9979591836734694,191,100
0.9991836734693877,0.9987755102040816,0.9987755102040816,0.9983673469387755,0.9987755102040816,0.9979591836734694,0.9983673469387755,0.9987755102040816,0.9975510204081632,0.9987755102040816,0.9975510204081632,192,100
0.9975510204081632,0.9971428571428571,0.9959183673469387,0.9971428571428571,0.996734693877551,0.9975510204081632,0.9975510204081632,0.9963265306122449,0.9975510204081632,0.9959183673469387,0.9975510204081632,193,100
0.9987755102040816,0.9971428571428571,0.9979591836734694,0.9987755102040816,0.9983673469387755,0.9983673469387755,0.996734693877551,0.9987755102040816,0.9979591836734694,0.996734693877551,0.9983673469387755,194,100
0.9971428571428571,0.9971428571428571,0.9971428571428571,0.9959183673469387,0.9975510204081632,0.9971428571428571,0.9971428571428571,0.9959183673469387,0.9979591836734694,0.9955102040816326,0.9946938775510205,195,100
0.9995918367346939,0.9991836734693877,0.9971428571428571,0.9979591836734694,0.9983673469387755,0.9963265306122449,0.9971428571428571,0.9975510204081632,0.9991836734693877,0.9979591836734694,0.9983673469387755,196,100
0.9979591836734694,0.9963265306122449,0.9971428571428571,0.9975510204081632,0.9979591836734694,0.9951020408163266,0.996734693877551,0.9975510204081632,0.9975510204081632,0.9983673469387755,0.9979591836734694,197,100
0.9987755102040816,0.9979591836734694,0.996734693877551,0.9975510204081632,0.9971428571428571,0.9975510204081632,0.9983673469387755,0.9975510204081632,0.9979591836734694,0.9955102040816326,0.9983673469387755,198,100
0.9991836734693877,0.9979591836734694,0.996734693877551,0.9959183673469387,0.9975510204081632,0.996734693877551,0.9987755102040816,0.9995918367346939,0.9951020408163266,0.9983673469387755,0.9979591836734694,199,100
0.9987755102040816,0.9959183673469387,0.9959183673469387,0.996734693877551,0.9959183673469387,0.9975510204081632,0.996734693877551,0.9971428571428571,0.9963265306122449,0.9971428571428571,0.996734693877551,200,100
