Global Accuracy,Client 1 Accuracy,Client 2 Accuracy,Client 3 Accuracy,Client 4 Accuracy,Client 5 Accuracy,Client 6 Accuracy,Client 7 Accuracy,Client 8 Accuracy,Client 9 Accuracy,Client 10 Accuracy,Client 11 Accuracy,Client 12 Accuracy,Client 13 Accuracy,Client 14 Accuracy,Client 15 Accuracy,Client 16 Accuracy,Client 17 Accuracy,Client 18 Accuracy,Client 19 Accuracy,Client 20 Accuracy,Trial,Max Iter
0.9846153846153847,0.9830769230769231,0.9784615384615385,0.9876923076923076,0.9830769230769231,0.9769230769230769,0.9738461538461538,0.9661538461538461,0.9846153846153847,0.9846153846153847,0.9815384615384616,0.9707692307692307,0.9907692307692307,0.9830769230769231,0.98,0.98,0.9830769230769231,0.9738461538461538,0.9876923076923076,0.9784615384615385,0.9830769230769231,1,100
0.9830769230769231,0.98,0.9661538461538461,0.9661538461538461,0.9707692307692307,0.98,0.98,0.9784615384615385,0.9769230769230769,0.9846153846153847,0.9753846153846154,0.9723076923076923,0.9830769230769231,0.9815384615384616,0.9753846153846154,0.9815384615384616,0.9861538461538462,0.9846153846153847,0.9846153846153847,0.9784615384615385,0.9784615384615385,2,100
0.9846153846153847,0.9830769230769231,0.9769230769230769,0.9846153846153847,0.9707692307692307,0.9846153846153847,0.9769230769230769,0.9738461538461538,0.9846153846153847,0.9861538461538462,0.9692307692307692,0.9830769230769231,0.9769230769230769,0.9815384615384616,0.98,0.9769230769230769,0.9738461538461538,0.9615384615384616,0.9846153846153847,0.98,0.9830769230769231,3,100
0.9830769230769231,0.9876923076923076,0.9723076923076923,0.9738461538461538,0.9769230769230769,0.9830769230769231,0.9723076923076923,0.9692307692307692,0.9830769230769231,0.98,0.9846153846153847,0.9738461538461538,0.9676923076923077,0.9815384615384616,0.9738461538461538,0.9738461538461538,0.9753846153846154,0.9676923076923077,0.9723076923076923,0.9784615384615385,0.9830769230769231,4,100
0.9846153846153847,0.9830769230769231,0.9830769230769231,0.9846153846153847,0.9815384615384616,0.9861538461538462,0.9815384615384616,0.9784615384615385,0.9830769230769231,0.9830769230769231,0.9769230769230769,0.9815384615384616,0.9830769230769231,0.9846153846153847,0.98,0.9769230769230769,0.9846153846153847,0.9846153846153847,0.9753846153846154,0.9846153846153847,0.9830769230769231,5,100
0.9830769230769231,0.9723076923076923,0.9784615384615385,0.9615384615384616,0.9846153846153847,0.9830769230769231,0.9830769230769231,0.9723076923076923,0.9723076923076923,0.9723076923076923,0.9830769230769231,0.9753846153846154,0.9846153846153847,0.9753846153846154,0.9738461538461538,0.9815384615384616,0.9784615384615385,0.9784615384615385,0.9753846153846154,0.98,0.9861538461538462,6,100
0.9846153846153847,0.9784615384615385,0.9784615384615385,0.9738461538461538,0.9830769230769231,0.9753846153846154,0.9830769230769231,0.9861538461538462,0.9769230769230769,0.9830769230769231,0.9815384615384616,0.9815384615384616,0.9830769230769231,0.9830769230769231,0.9861538461538462,0.9769230769230769,0.9861538461538462,0.9784615384615385,0.9815384615384616,0.9753846153846154,0.9769230769230769,7,100
0.98,0.9784615384615385,0.9815384615384616,0.9753846153846154,0.9738461538461538,0.9676923076923077,0.9784615384615385,0.9723076923076923,0.9815384615384616,0.9784615384615385,0.9707692307692307,0.9707692307692307,0.9753846153846154,0.9753846153846154,0.98,0.9815384615384616,0.9676923076923077,0.9830769230769231,0.9753846153846154,0.98,0.9692307692307692,8,100
0.9830769230769231,0.9784615384615385,0.98,0.9846153846153847,0.9830769230769231,0.9738461538461538,0.9707692307692307,0.9723076923076923,0.9723076923076923,0.9769230769230769,0.9753846153846154,0.9846153846153847,0.9830769230769231,0.9830769230769231,0.9784615384615385,0.98,0.9676923076923077,0.98,0.9830769230769231,0.98,0.9846153846153847,9,100
0.9815384615384616,0.9830769230769231,0.9661538461538461,0.9769230769230769,0.9692307692307692,0.9784615384615385,0.98,0.9753846153846154,0.9707692307692307,0.9784615384615385,0.9830769230769231,0.9723076923076923,0.9738461538461538,0.9830769230769231,0.9753846153846154,0.9692307692307692,0.98,0.9815384615384616,0.9784615384615385,0.9784615384615385,0.9784615384615385,10,100
0.9846153846153847,0.9830769230769231,0.9753846153846154,0.9784615384615385,0.9830769230769231,0.9769230769230769,0.9769230769230769,0.9815384615384616,0.9830769230769231,0.9815384615384616,0.9815384615384616,0.9753846153846154,0.9815384615384616,0.9769230769230769,0.9846153846153847,0.9846153846153847,0.9830769230769231,0.9815384615384616,0.9846153846153847,0.9830769230769231,0.9769230769230769,11,100
0.9830769230769231,0.9815384615384616,0.9815384615384616,0.9846153846153847,0.98,0.9707692307692307,0.98,0.9769230769230769,0.9815384615384616,0.9815384615384616,0.9723076923076923,0.9815384615384616,0.9769230769230769,0.98,0.9753846153846154,0.9769230769230769,0.9830769230769231,0.9846153846153847,0.9861538461538462,0.9846153846153847,0.9815384615384616,12,100
0.9815384615384616,0.9738461538461538,0.9830769230769231,0.98,0.9784615384615385,0.9676923076923077,0.9861538461538462,0.98,0.9830769230769231,0.9769230769230769,0.9830769230769231,0.9815384615384616,0.9769230769230769,0.9784615384615385,0.9861538461538462,0.9738461538461538,0.98,0.98,0.9815384615384616,0.9830769230769231,0.9723076923076923,13,100
0.9846153846153847,0.9861538461538462,0.9830769230769231,0.9784615384615385,0.9815384615384616,0.9861538461538462,0.98,0.98,0.9815384615384616,0.9861538461538462,0.9815384615384616,0.9723076923076923,0.9846153846153847,0.9738461538461538,0.98,0.9846153846153847,0.9861538461538462,0.9861538461538462,0.9876923076923076,0.98,0.9815384615384616,14,100
0.9846153846153847,0.9830769230769231,0.9769230769230769,0.9846153846153847,0.9707692307692307,0.9846153846153847,0.9769230769230769,0.9738461538461538,0.9846153846153847,0.9861538461538462,0.9692307692307692,0.9830769230769231,0.9769230769230769,0.9815384615384616,0.98,0.9769230769230769,0.9738461538461538,0.9615384615384616,0.9846153846153847,0.98,0.9830769230769231,15,100
0.9815384615384616,0.98,0.9830769230769231,0.9815384615384616,0.9769230769230769,0.9815384615384616,0.9769230769230769,0.9784615384615385,0.9769230769230769,0.9815384615384616,0.9723076923076923,0.9661538461538461,0.98,0.9815384615384616,0.9830769230769231,0.9723076923076923,0.9815384615384616,0.9676923076923077,0.98,0.9830769230769231,0.9830769230769231,16,100
0.9784615384615385,0.9784615384615385,0.9723076923076923,0.98,0.9753846153846154,0.9723076923076923,0.9738461538461538,0.98,0.9784615384615385,0.98,0.9784615384615385,0.9769230769230769,0.9738461538461538,0.9738461538461538,0.9723076923076923,0.9692307692307692,0.98,0.98,0.9738461538461538,0.9723076923076923,0.9753846153846154,17,100
0.9830769230769231,0.9661538461538461,0.9784615384615385,0.9784615384615385,0.9830769230769231,0.9846153846153847,0.9815384615384616,0.9784615384615385,0.9846153846153847,0.9815384615384616,0.9753846153846154,0.9769230769230769,0.9815384615384616,0.9738461538461538,0.9738461538461538,0.9784615384615385,0.9661538461538461,0.9707692307692307,0.9846153846153847,0.9738461538461538,0.9753846153846154,18,100
0.98,0.9723076923076923,0.9815384615384616,0.9815384615384616,0.98,0.9769230769230769,0.9815384615384616,0.9707692307692307,0.9784615384615385,0.9738461538461538,0.9723076923076923,0.9769230769230769,0.9753846153846154,0.98,0.9738461538461538,0.963076923076923,0.9753846153846154,0.9815384615384616,0.98,0.9815384615384616,0.9815384615384616,19,100
0.9830769230769231,0.9753846153846154,0.9769230769230769,0.9830769230769231,0.98,0.9815384615384616,0.98,0.9738461538461538,0.9738461538461538,0.9846153846153847,0.9815384615384616,0.9661538461538461,0.9815384615384616,0.9753846153846154,0.98,0.9646153846153847,0.9784615384615385,0.9692307692307692,0.9753846153846154,0.9692307692307692,0.9846153846153847,20,100
0.9861538461538462,0.9861538461538462,0.9846153846153847,0.98,0.9815384615384616,0.9892307692307692,0.9738461538461538,0.98,0.98,0.9846153846153847,0.9815384615384616,0.9846153846153847,0.9846153846153847,0.9815384615384616,0.9830769230769231,0.9846153846153847,0.9892307692307692,0.9753846153846154,0.9846153846153847,0.9861538461538462,0.9830769230769231,21,100
0.9815384615384616,0.9769230769230769,0.9815384615384616,0.9769230769230769,0.9707692307692307,0.9753846153846154,0.9784615384615385,0.9830769230769231,0.9769230769230769,0.98,0.98,0.9769230769230769,0.9784615384615385,0.9738461538461538,0.9830769230769231,0.9784615384615385,0.9815384615384616,0.9815384615384616,0.9707692307692307,0.9738461538461538,0.9753846153846154,22,100
0.9830769230769231,0.9753846153846154,0.9723076923076923,0.9784615384615385,0.9815384615384616,0.9861538461538462,0.9815384615384616,0.9769230769230769,0.9815384615384616,0.9723076923076923,0.9692307692307692,0.9830769230769231,0.9830769230769231,0.98,0.9784615384615385,0.9723076923076923,0.9738461538461538,0.9753846153846154,0.9815384615384616,0.9753846153846154,0.9784615384615385,23,100
0.9830769230769231,0.9738461538461538,0.9830769230769231,0.9769230769230769,0.9830769230769231,0.9876923076923076,0.9830769230769231,0.9830769230769231,0.98,0.9830769230769231,0.98,0.9753846153846154,0.9815384615384616,0.9738461538461538,0.9769230769230769,0.98,0.9830769230769231,0.9830769230769231,0.9815384615384616,0.9815384615384616,0.9846153846153847,24,100
0.9830769230769231,0.9753846153846154,0.9830769230769231,0.9830769230769231,0.9753846153846154,0.98,0.9830769230769231,0.98,0.9846153846153847,0.98,0.9723076923076923,0.9738461538461538,0.98,0.9830769230769231,0.9846153846153847,0.9784615384615385,0.9738461538461538,0.9815384615384616,0.9846153846153847,0.9846153846153847,0.9707692307692307,25,100
0.9830769230769231,0.9738461538461538,0.9769230769230769,0.9769230769230769,0.98,0.98,0.9846153846153847,0.9815384615384616,0.9738461538461538,0.9784615384615385,0.9861538461538462,0.9830769230769231,0.9753846153846154,0.9723076923076923,0.9692307692307692,0.9784615384615385,0.9784615384615385,0.9815384615384616,0.98,0.9784615384615385,0.9861538461538462,26,100
0.98,0.9815384615384616,0.9815384615384616,0.9707692307692307,0.9815384615384616,0.9784615384615385,0.9784615384615385,0.9830769230769231,0.9830769230769231,0.9784615384615385,0.9723076923076923,0.9723076923076923,0.9769230769230769,0.9830769230769231,0.9707692307692307,0.98,0.98,0.9784615384615385,0.9784615384615385,0.9723076923076923,0.9815384615384616,27,100
0.9815384615384616,0.9784615384615385,0.9784615384615385,0.9784615384615385,0.9784615384615385,0.9784615384615385,0.98,0.9707692307692307,0.9646153846153847,0.9815384615384616,0.9692307692307692,0.9753846153846154,0.9753846153846154,0.9707692307692307,0.9676923076923077,0.9784615384615385,0.9815384615384616,0.9815384615384616,0.9861538461538462,0.9784615384615385,0.9769230769230769,28,100
0.9815384615384616,0.9753846153846154,0.9769230769230769,0.9784615384615385,0.9646153846153847,0.9723076923076923,0.9784615384615385,0.9753846153846154,0.9830769230769231,0.9830769230769231,0.9723076923076923,0.9846153846153847,0.9830769230769231,0.9784615384615385,0.9692307692307692,0.9753846153846154,0.9461538461538461,0.9676923076923077,0.9753846153846154,0.9707692307692307,0.9769230769230769,29,100
0.9861538461538462,0.9784615384615385,0.98,0.9892307692307692,0.9815384615384616,0.9861538461538462,0.9846153846153847,0.9876923076923076,0.9846153846153847,0.9861538461538462,0.98,0.9876923076923076,0.9876923076923076,0.9830769230769231,0.9830769230769231,0.9846153846153847,0.9815384615384616,0.9861538461538462,0.9830769230769231,0.9784615384615385,0.9753846153846154,30,100
0.9846153846153847,0.9830769230769231,0.9815384615384616,0.9784615384615385,0.9846153846153847,0.9861538461538462,0.9723076923076923,0.9784615384615385,0.9784615384615385,0.9753846153846154,0.9815384615384616,0.9861538461538462,0.9769230769230769,0.9815384615384616,0.9861538461538462,0.9830769230769231,0.98,0.9738461538461538,0.9769230769230769,0.98,0.9738461538461538,31,100
0.9815384615384616,0.9753846153846154,0.9769230769230769,0.9815384615384616,0.98,0.9769230769230769,0.98,0.9753846153846154,0.9830769230769231,0.9692307692307692,0.9753846153846154,0.9846153846153847,0.9784615384615385,0.9784615384615385,0.9738461538461538,0.9753846153846154,0.9861538461538462,0.9707692307692307,0.98,0.9738461538461538,0.9753846153846154,32,100
0.9830769230769231,0.9830769230769231,0.9815384615384616,0.9846153846153847,0.9815384615384616,0.9523076923076923,0.98,0.9784615384615385,0.9769230769230769,0.9769230769230769,0.98,0.9784615384615385,0.9830769230769231,0.9738461538461538,0.98,0.9784615384615385,0.9830769230769231,0.9753846153846154,0.9830769230769231,0.9861538461538462,0.9846153846153847,33,100
0.9861538461538462,0.9815384615384616,0.9738461538461538,0.9753846153846154,0.9876923076923076,0.98,0.9830769230769231,0.9861538461538462,0.9830769230769231,0.98,0.9661538461538461,0.9738461538461538,0.9676923076923077,0.9769230769230769,0.9907692307692307,0.9815384615384616,0.9753846153846154,0.98,0.9815384615384616,0.9830769230769231,0.9861538461538462,34,100
0.98,0.9784615384615385,0.9784615384615385,0.98,0.9769230769230769,0.9769230769230769,0.9646153846153847,0.9784615384615385,0.9784615384615385,0.9646153846153847,0.9830769230769231,0.9692307692307692,0.9784615384615385,0.9784615384615385,0.98,0.9769230769230769,0.9784615384615385,0.9784615384615385,0.9784615384615385,0.9738461538461538,0.9769230769230769,35,100
0.9846153846153847,0.9846153846153847,0.9846153846153847,0.98,0.9723076923076923,0.9830769230769231,0.9753846153846154,0.9769230769230769,0.9830769230769231,0.9846153846153847,0.9815384615384616,0.9784615384615385,0.9815384615384616,0.9830769230769231,0.9784615384615385,0.9769230769230769,0.98,0.98,0.9769230769230769,0.98,0.9769230769230769,36,100
0.9815384615384616,0.9753846153846154,0.98,0.9738461538461538,0.9707692307692307,0.9830769230769231,0.9769230769230769,0.9769230769230769,0.9738461538461538,0.9692307692307692,0.9784615384615385,0.9738461538461538,0.9769230769230769,0.9738461538461538,0.9769230769230769,0.9815384615384616,0.9738461538461538,0.9769230769230769,0.9830769230769231,0.9769230769230769,0.9738461538461538,37,100
0.9830769230769231,0.9846153846153847,0.9769230769230769,0.9707692307692307,0.9830769230769231,0.98,0.9815384615384616,0.98,0.9676923076923077,0.9723076923076923,0.9707692307692307,0.9846153846153847,0.9784615384615385,0.9846153846153847,0.9707692307692307,0.9815384615384616,0.9830769230769231,0.9707692307692307,0.9692307692307692,0.98,0.9861538461538462,38,100
0.9861538461538462,0.98,0.9846153846153847,0.9815384615384616,0.9753846153846154,0.9861538461538462,0.9769230769230769,0.9846153846153847,0.9769230769230769,0.9830769230769231,0.9861538461538462,0.9784615384615385,0.98,0.9861538461538462,0.9830769230769231,0.9815384615384616,0.9861538461538462,0.9753846153846154,0.9861538461538462,0.9815384615384616,0.9846153846153847,39,100
0.9830769230769231,0.9646153846153847,0.9738461538461538,0.9723076923076923,0.9861538461538462,0.9692307692307692,0.9815384615384616,0.9784615384615385,0.9815384615384616,0.9830769230769231,0.9815384615384616,0.9738461538461538,0.9846153846153847,0.9784615384615385,0.9876923076923076,0.98,0.9876923076923076,0.9830769230769231,0.9753846153846154,0.98,0.9769230769230769,40,100
0.9815384615384616,0.9738461538461538,0.9830769230769231,0.9753846153846154,0.9815384615384616,0.9846153846153847,0.9738461538461538,0.9769230769230769,0.98,0.9738461538461538,0.9784615384615385,0.9646153846153847,0.9707692307692307,0.9830769230769231,0.9676923076923077,0.9784615384615385,0.9738461538461538,0.9784615384615385,0.9769230769230769,0.9784615384615385,0.9815384615384616,41,100
0.9830769230769231,0.9830769230769231,0.98,0.9830769230769231,0.9723076923076923,0.9830769230769231,0.9723076923076923,0.9769230769230769,0.9738461538461538,0.98,0.9707692307692307,0.9846153846153847,0.9753846153846154,0.9784615384615385,0.9876923076923076,0.9846153846153847,0.9830769230769231,0.9815384615384616,0.9830769230769231,0.9846153846153847,0.9738461538461538,42,100
0.9876923076923076,0.9876923076923076,0.9846153846153847,0.9846153846153847,0.9892307692307692,0.9876923076923076,0.98,0.9892307692307692,0.9784615384615385,0.9830769230769231,0.9876923076923076,0.9861538461538462,0.9861538461538462,0.9907692307692307,0.9846153846153847,0.9892307692307692,0.9876923076923076,0.9815384615384616,0.9876923076923076,0.9815384615384616,0.9876923076923076,43,100
0.98,0.98,0.9661538461538461,0.9815384615384616,0.9769230769230769,0.9646153846153847,0.9707692307692307,0.9738461538461538,0.98,0.9723076923076923,0.98,0.9815384615384616,0.98,0.9815384615384616,0.9784615384615385,0.9830769230769231,0.9815384615384616,0.9692307692307692,0.9769230769230769,0.9769230769230769,0.9784615384615385,44,100
0.9815384615384616,0.9692307692307692,0.9830769230769231,0.98,0.9738461538461538,0.9753846153846154,0.9769230769230769,0.9784615384615385,0.9815384615384616,0.9738461538461538,0.9753846153846154,0.9661538461538461,0.9784615384615385,0.9738461538461538,0.98,0.98,0.9784615384615385,0.98,0.9830769230769231,0.9769230769230769,0.98,45,100
0.9815384615384616,0.9615384615384616,0.98,0.9738461538461538,0.9553846153846154,0.96,0.9769230769230769,0.9769230769230769,0.98,0.9769230769230769,0.9815384615384616,0.9769230769230769,0.9753846153846154,0.9769230769230769,0.9784615384615385,0.98,0.9784615384615385,0.9723076923076923,0.9830769230769231,0.9784615384615385,0.9707692307692307,46,100
0.98,0.9815384615384616,0.9738461538461538,0.9830769230769231,0.9769230769230769,0.9784615384615385,0.9784615384615385,0.98,0.9738461538461538,0.9815384615384616,0.9707692307692307,0.9769230769230769,0.9738461538461538,0.9723076923076923,0.9753846153846154,0.9738461538461538,0.9830769230769231,0.9784615384615385,0.9784615384615385,0.9815384615384616,0.9784615384615385,47,100
0.98,0.98,0.9707692307692307,0.9676923076923077,0.9815384615384616,0.9815384615384616,0.9692307692307692,0.9707692307692307,0.9753846153846154,0.98,0.9707692307692307,0.98,0.9707692307692307,0.9769230769230769,0.9784615384615385,0.9784615384615385,0.9707692307692307,0.9769230769230769,0.98,0.98,0.9784615384615385,48,100
0.9784615384615385,0.9769230769230769,0.9815384615384616,0.9738461538461538,0.9784615384615385,0.9661538461538461,0.9738461538461538,0.98,0.9707692307692307,0.9661538461538461,0.9661538461538461,0.9707692307692307,0.9815384615384616,0.9784615384615385,0.9753846153846154,0.9738461538461538,0.9753846153846154,0.98,0.9753846153846154,0.9661538461538461,0.96,49,100
0.9784615384615385,0.9769230769230769,0.9692307692307692,0.9753846153846154,0.9738461538461538,0.98,0.9707692307692307,0.96,0.9661538461538461,0.9676923076923077,0.9738461538461538,0.9815384615384616,0.98,0.9692307692307692,0.98,0.98,0.9738461538461538,0.98,0.9753846153846154,0.9769230769230769,0.9646153846153847,50,100
0.98,0.98,0.9723076923076923,0.9815384615384616,0.9738461538461538,0.9707692307692307,0.9830769230769231,0.9769230769230769,0.9784615384615385,0.9830769230769231,0.9723076923076923,0.9753846153846154,0.98,0.9676923076923077,0.9769230769230769,0.9707692307692307,0.9769230769230769,0.9815384615384616,0.9784615384615385,0.98,0.9815384615384616,51,100
0.9830769230769231,0.9646153846153847,0.9830769230769231,0.9846153846153847,0.9876923076923076,0.9815384615384616,0.9830769230769231,0.9753846153846154,0.9815384615384616,0.9846153846153847,0.9738461538461538,0.9815384615384616,0.9784615384615385,0.9738461538461538,0.9753846153846154,0.9846153846153847,0.9830769230769231,0.98,0.9815384615384616,0.9707692307692307,0.98,52,100
0.9846153846153847,0.9707692307692307,0.98,0.9753846153846154,0.9830769230769231,0.9769230769230769,0.98,0.963076923076923,0.9769230769230769,0.9784615384615385,0.98,0.9769230769230769,0.9861538461538462,0.9661538461538461,0.9892307692307692,0.9846153846153847,0.9769230769230769,0.98,0.98,0.98,0.9861538461538462,53,100
0.9846153846153847,0.9861538461538462,0.9784615384615385,0.9846153846153847,0.9846153846153847,0.9830769230769231,0.98,0.9753846153846154,0.9784615384615385,0.9846153846153847,0.9861538461538462,0.9784615384615385,0.9861538461538462,0.9815384615384616,0.9861538461538462,0.9846153846153847,0.9830769230769231,0.9861538461538462,0.9830769230769231,0.9830769230769231,0.9830769230769231,54,100
0.9846153846153847,0.9753846153846154,0.9815384615384616,0.9815384615384616,0.9861538461538462,0.9738461538461538,0.9753846153846154,0.9861538461538462,0.9753846153846154,0.9876923076923076,0.9846153846153847,0.9738461538461538,0.9707692307692307,0.9753846153846154,0.9876923076923076,0.9846153846153847,0.9830769230769231,0.9769230769230769,0.9738461538461538,0.9769230769230769,0.9815384615384616,55,100
0.9846153846153847,0.9815384615384616,0.9830769230769231,0.9723076923076923,0.9830769230769231,0.9861538461538462,0.9876923076923076,0.9784615384615385,0.9815384615384616,0.98,0.9784615384615385,0.9876923076923076,0.9815384615384616,0.9876923076923076,0.98,0.9769230769230769,0.9815384615384616,0.9753846153846154,0.9707692307692307,0.9830769230769231,0.9753846153846154,56,100
0.9830769230769231,0.98,0.9830769230769231,0.9753846153846154,0.9830769230769231,0.9815384615384616,0.9815384615384616,0.9846153846153847,0.9830769230769231,0.9784615384615385,0.9846153846153847,0.9876923076923076,0.9646153846153847,0.9723076923076923,0.9707692307692307,0.9738461538461538,0.9830769230769231,0.9830769230769231,0.9769230769230769,0.9846153846153847,0.9769230769230769,57,100
0.9846153846153847,0.9830769230769231,0.9738461538461538,0.9707692307692307,0.9830769230769231,0.9753846153846154,0.9769230769230769,0.9676923076923077,0.9846153846153847,0.98,0.9846153846153847,0.9676923076923077,0.9723076923076923,0.98,0.9661538461538461,0.9846153846153847,0.9769230769230769,0.9784615384615385,0.9830769230769231,0.9830769230769231,0.9692307692307692,58,100
0.9846153846153847,0.9861538461538462,0.9846153846153847,0.9830769230769231,0.9815384615384616,0.9784615384615385,0.9738461538461538,0.9861538461538462,0.9815384615384616,0.9723076923076923,0.9769230769230769,0.9846153846153847,0.9738461538461538,0.9846153846153847,0.98,0.98,0.9846153846153847,0.98,0.9738461538461538,0.9784615384615385,0.98,59,100
0.98,0.9692307692307692,0.9815384615384616,0.9753846153846154,0.9676923076923077,0.9723076923076923,0.9784615384615385,0.9784615384615385,0.9830769230769231,0.9538461538461539,0.9784615384615385,0.9784615384615385,0.9753846153846154,0.9707692307692307,0.98,0.9846153846153847,0.9830769230769231,0.9692307692307692,0.9692307692307692,0.9676923076923077,0.9769230769230769,60,100
0.9846153846153847,0.9846153846153847,0.9846153846153847,0.9769230769230769,0.9692307692307692,0.98,0.9830769230769231,0.9861538461538462,0.9861538461538462,0.9861538461538462,0.9723076923076923,0.9846153846153847,0.9830769230769231,0.9830769230769231,0.9723076923076923,0.9861538461538462,0.9892307692307692,0.9753846153846154,0.9723076923076923,0.9830769230769231,0.98,61,100
0.9830769230769231,0.9815384615384616,0.9815384615384616,0.9846153846153847,0.98,0.9707692307692307,0.98,0.9769230769230769,0.9815384615384616,0.9815384615384616,0.9723076923076923,0.9815384615384616,0.9769230769230769,0.98,0.9753846153846154,0.9769230769230769,0.9830769230769231,0.9846153846153847,0.9861538461538462,0.9846153846153847,0.9815384615384616,62,100
0.9815384615384616,0.98,0.9830769230769231,0.9753846153846154,0.9815384615384616,0.9723076923076923,0.9815384615384616,0.9784615384615385,0.9753846153846154,0.9784615384615385,0.98,0.9753846153846154,0.9738461538461538,0.9661538461538461,0.9784615384615385,0.9723076923076923,0.9815384615384616,0.98,0.9861538461538462,0.9723076923076923,0.98,63,100
0.9815384615384616,0.9692307692307692,0.9738461538461538,0.9769230769230769,0.9676923076923077,0.9784615384615385,0.9830769230769231,0.9784615384615385,0.9815384615384616,0.9784615384615385,0.98,0.9707692307692307,0.9830769230769231,0.9846153846153847,0.9815384615384616,0.9584615384615385,0.9784615384615385,0.9784615384615385,0.9769230769230769,0.9661538461538461,0.9676923076923077,64,100
0.9830769230769231,0.9784615384615385,0.9815384615384616,0.98,0.98,0.9846153846153847,0.9707692307692307,0.9738461538461538,0.9815384615384616,0.9784615384615385,0.9815384615384616,0.9846153846153847,0.98,0.9753846153846154,0.98,0.9784615384615385,0.9830769230769231,0.9738461538461538,0.9784615384615385,0.9815384615384616,0.9738461538461538,65,100
0.9830769230769231,0.98,0.9784615384615385,0.9769230769230769,0.9846153846153847,0.9815384615384616,0.9784615384615385,0.9846153846153847,0.9769230769230769,0.9830769230769231,0.9723076923076923,0.9784615384615385,0.9861538461538462,0.9753846153846154,0.9815384615384616,0.9753846153846154,0.9815384615384616,0.9753846153846154,0.9830769230769231,0.9846153846153847,0.9753846153846154,66,100
0.9784615384615385,0.9738461538461538,0.9769230769230769,0.9661538461538461,0.98,0.9753846153846154,0.9769230769230769,0.98,0.9738461538461538,0.9692307692307692,0.98,0.9738461538461538,0.9769230769230769,0.9723076923076923,0.98,0.98,0.98,0.9830769230769231,0.9815384615384616,0.9753846153846154,0.9707692307692307,67,100
0.9861538461538462,0.98,0.9876923076923076,0.9846153846153847,0.9784615384615385,0.9723076923076923,0.98,0.9846153846153847,0.9769230769230769,0.9769230769230769,0.98,0.9769230769230769,0.9876923076923076,0.9815384615384616,0.9784615384615385,0.9876923076923076,0.9861538461538462,0.9830769230769231,0.9830769230769231,0.9846153846153847,0.9846153846153847,68,100
0.9830769230769231,0.9707692307692307,0.9784615384615385,0.9784615384615385,0.9830769230769231,0.9753846153846154,0.9846153846153847,0.9769230769230769,0.96,0.9846153846153847,0.9784615384615385,0.9846153846153847,0.9830769230769231,0.9738461538461538,0.9830769230769231,0.9846153846153847,0.9676923076923077,0.9830769230769231,0.9815384615384616,0.9815384615384616,0.9830769230769231,69,100
0.9830769230769231,0.9692307692307692,0.9815384615384616,0.9753846153846154,0.9815384615384616,0.9753846153846154,0.9784615384615385,0.9815384615384616,0.9723076923076923,0.9738461538461538,0.9769230769230769,0.9723076923076923,0.9846153846153847,0.98,0.98,0.9815384615384616,0.9830769230769231,0.9723076923076923,0.9784615384615385,0.9769230769230769,0.9723076923076923,70,100
0.9815384615384616,0.9707692307692307,0.9830769230769231,0.9846153846153847,0.9692307692307692,0.9861538461538462,0.9661538461538461,0.98,0.9784615384615385,0.9830769230769231,0.9815384615384616,0.98,0.9723076923076923,0.9784615384615385,0.9723076923076923,0.9830769230769231,0.9769230769230769,0.9723076923076923,0.9753846153846154,0.9676923076923077,0.9815384615384616,71,100
0.9830769230769231,0.9830769230769231,0.9661538461538461,0.9769230769230769,0.9846153846153847,0.98,0.9784615384615385,0.9846153846153847,0.9676923076923077,0.9830769230769231,0.9846153846153847,0.9861538461538462,0.98,0.9784615384615385,0.9815384615384616,0.9692307692307692,0.9846153846153847,0.9815384615384616,0.9861538461538462,0.9815384615384616,0.9861538461538462,72,100
0.9830769230769231,0.9815384615384616,0.9723076923076923,0.9830769230769231,0.9830769230769231,0.9723076923076923,0.9830769230769231,0.9830769230769231,0.9846153846153847,0.9738461538461538,0.9738461538461538,0.9676923076923077,0.9846153846153847,0.9753846153846154,0.9830769230769231,0.98,0.9815384615384616,0.9723076923076923,0.9784615384615385,0.9861538461538462,0.9738461538461538,73,100
0.9830769230769231,0.9753846153846154,0.9815384615384616,0.9784615384615385,0.9830769230769231,0.9830769230769231,0.9830769230769231,0.98,0.9784615384615385,0.9769230769230769,0.9830769230769231,0.9753846153846154,0.9784615384615385,0.9830769230769231,0.9753846153846154,0.9830769230769231,0.9738461538461538,0.9830769230769231,0.9815384615384616,0.9846153846153847,0.9830769230769231,74,100
0.98,0.9784615384615385,0.9692307692307692,0.9815384615384616,0.9692307692307692,0.9769230769230769,0.98,0.9815384615384616,0.9753846153846154,0.9784615384615385,0.9692307692307692,0.9723076923076923,0.9707692307692307,0.9769230769230769,0.9769230769230769,0.98,0.9815384615384616,0.963076923076923,0.9815384615384616,0.9723076923076923,0.9707692307692307,75,100
0.9876923076923076,0.9846153846153847,0.9861538461538462,0.9846153846153847,0.9861538461538462,0.9830769230769231,0.9876923076923076,0.9861538461538462,0.9861538461538462,0.9815384615384616,0.9846153846153847,0.9738461538461538,0.9876923076923076,0.9784615384615385,0.9876923076923076,0.98,0.9846153846153847,0.9753846153846154,0.9876923076923076,0.9876923076923076,0.9861538461538462,76,100
0.9815384615384616,0.9830769230769231,0.9815384615384616,0.9784615384615385,0.9769230769230769,0.9676923076923077,0.9723076923076923,0.9769230769230769,0.9738461538461538,0.98,0.9784615384615385,0.9753846153846154,0.9723076923076923,0.9815384615384616,0.9738461538461538,0.9846153846153847,0.9784615384615385,0.9676923076923077,0.98,0.9846153846153847,0.9676923076923077,77,100
0.9815384615384616,0.9815384615384616,0.9692307692307692,0.98,0.9815384615384616,0.9830769230769231,0.9815384615384616,0.9707692307692307,0.9723076923076923,0.9815384615384616,0.98,0.9738461538461538,0.98,0.98,0.9753846153846154,0.9753846153846154,0.9784615384615385,0.9830769230769231,0.9830769230769231,0.9830769230769231,0.9784615384615385,78,100
0.98,0.9753846153846154,0.98,0.9707692307692307,0.9769230769230769,0.9784615384615385,0.9815384615384616,0.9815384615384616,0.9707692307692307,0.9830769230769231,0.9753846153846154,0.9692307692307692,0.9815384615384616,0.9815384615384616,0.9769230769230769,0.9753846153846154,0.9784615384615385,0.9753846153846154,0.98,0.9723076923076923,0.9784615384615385,79,100
0.9846153846153847,0.9784615384615385,0.9876923076923076,0.9846153846153847,0.9876923076923076,0.9830769230769231,0.9861538461538462,0.9815384615384616,0.98,0.9861538461538462,0.98,0.9830769230769231,0.9830769230769231,0.98,0.9769230769230769,0.9815384615384616,0.9646153846153847,0.9830769230769231,0.9861538461538462,0.9861538461538462,0.9815384615384616,80,100
0.9784615384615385,0.9815384615384616,0.9769230769230769,0.9707692307692307,0.9753846153846154,0.9784615384615385,0.9769230769230769,0.9753846153846154,0.9738461538461538,0.9784615384615385,0.9523076923076923,0.98,0.9723076923076923,0.9692307692307692,0.9723076923076923,0.9784615384615385,0.9723076923076923,0.9661538461538461,0.98,0.9738461538461538,0.9769230769230769,81,100
0.98,0.98,0.9830769230769231,0.9769230769230769,0.9769230769230769,0.98,0.9830769230769231,0.98,0.98,0.9769230769230769,0.9723076923076923,0.9723076923076923,0.9784615384615385,0.9769230769230769,0.9707692307692307,0.9769230769230769,0.9723076923076923,0.9692307692307692,0.9738461538461538,0.9661538461538461,0.9738461538461538,82,100
0.9830769230769231,0.9815384615384616,0.9815384615384616,0.9830769230769231,0.9753846153846154,0.9753846153846154,0.9830769230769231,0.9723076923076923,0.9738461538461538,0.9830769230769231,0.9830769230769231,0.9676923076923077,0.9784615384615385,0.9692307692307692,0.9846153846153847,0.9815384615384616,0.9846153846153847,0.9892307692307692,0.9769230769230769,0.98,0.9769230769230769,83,100
0.98,0.9723076923076923,0.9753846153846154,0.9784615384615385,0.9784615384615385,0.98,0.9692307692307692,0.9646153846153847,0.98,0.9707692307692307,0.9707692307692307,0.9723076923076923,0.9707692307692307,0.9815384615384616,0.9676923076923077,0.9646153846153847,0.9815384615384616,0.9815384615384616,0.9815384615384616,0.9738461538461538,0.9846153846153847,84,100
0.9784615384615385,0.9738461538461538,0.98,0.9738461538461538,0.9723076923076923,0.9723076923076923,0.98,0.9769230769230769,0.9692307692307692,0.9784615384615385,0.9784615384615385,0.9723076923076923,0.98,0.9753846153846154,0.9753846153846154,0.9815384615384616,0.9676923076923077,0.9769230769230769,0.9707692307692307,0.9784615384615385,0.9676923076923077,85,100
0.9815384615384616,0.98,0.9753846153846154,0.9830769230769231,0.9784615384615385,0.9753846153846154,0.9830769230769231,0.9784615384615385,0.9738461538461538,0.9738461538461538,0.9830769230769231,0.9753846153846154,0.9738461538461538,0.9723076923076923,0.9815384615384616,0.9769230769230769,0.9707692307692307,0.9784615384615385,0.9661538461538461,0.9707692307692307,0.98,86,100
0.9846153846153847,0.9861538461538462,0.9846153846153847,0.9830769230769231,0.9815384615384616,0.9784615384615385,0.9738461538461538,0.9861538461538462,0.9815384615384616,0.9723076923076923,0.9769230769230769,0.9846153846153847,0.9738461538461538,0.9846153846153847,0.98,0.98,0.9846153846153847,0.98,0.9738461538461538,0.9784615384615385,0.98,87,100
0.9846153846153847,0.9861538461538462,0.9753846153846154,0.9876923076923076,0.9723076923076923,0.9815384615384616,0.9784615384615385,0.98,0.9830769230769231,0.98,0.9815384615384616,0.9815384615384616,0.9846153846153847,0.9861538461538462,0.98,0.9769230769230769,0.9769230769230769,0.9784615384615385,0.9846153846153847,0.9707692307692307,0.9676923076923077,88,100
0.9815384615384616,0.9784615384615385,0.9769230769230769,0.9753846153846154,0.9676923076923077,0.9738461538461538,0.9723076923076923,0.9738461538461538,0.96,0.9846153846153847,0.9815384615384616,0.9846153846153847,0.9723076923076923,0.9784615384615385,0.9723076923076923,0.9753846153846154,0.9707692307692307,0.98,0.9815384615384616,0.9815384615384616,0.9769230769230769,89,100
0.98,0.9784615384615385,0.9815384615384616,0.9753846153846154,0.9738461538461538,0.9676923076923077,0.9784615384615385,0.9723076923076923,0.9815384615384616,0.9784615384615385,0.9707692307692307,0.9707692307692307,0.9753846153846154,0.9753846153846154,0.98,0.9815384615384616,0.9676923076923077,0.9830769230769231,0.9753846153846154,0.98,0.9692307692307692,90,100
0.9846153846153847,0.9846153846153847,0.9738461538461538,0.9753846153846154,0.9830769230769231,0.9815384615384616,0.98,0.9861538461538462,0.98,0.9753846153846154,0.9784615384615385,0.9846153846153847,0.9876923076923076,0.9830769230769231,0.9753846153846154,0.9846153846153847,0.9784615384615385,0.98,0.9753846153846154,0.9723076923076923,0.9861538461538462,91,100
0.9815384615384616,0.9815384615384616,0.9769230769230769,0.9784615384615385,0.9738461538461538,0.9723076923076923,0.9769230769230769,0.98,0.9861538461538462,0.9830769230769231,0.9723076923076923,0.98,0.9784615384615385,0.9723076923076923,0.98,0.9876923076923076,0.9769230769230769,0.9876923076923076,0.9723076923076923,0.9830769230769231,0.9738461538461538,92,100
0.9846153846153847,0.9753846153846154,0.9815384615384616,0.9784615384615385,0.9707692307692307,0.98,0.9738461538461538,0.9692307692307692,0.9846153846153847,0.9784615384615385,0.9769230769230769,0.98,0.9784615384615385,0.9723076923076923,0.9769230769230769,0.98,0.9815384615384616,0.9830769230769231,0.9815384615384616,0.9846153846153847,0.9846153846153847,93,100
0.9861538461538462,0.9830769230769231,0.9815384615384616,0.9815384615384616,0.9815384615384616,0.9738461538461538,0.9830769230769231,0.9830769230769231,0.9830769230769231,0.9753846153846154,0.9876923076923076,0.98,0.9753846153846154,0.9846153846153847,0.98,0.9830769230769231,0.9861538461538462,0.9753846153846154,0.9830769230769231,0.9784615384615385,0.9769230769230769,94,100
0.9830769230769231,0.9815384615384616,0.9784615384615385,0.9769230769230769,0.98,0.9846153846153847,0.9846153846153847,0.9769230769230769,0.9753846153846154,0.9815384615384616,0.9784615384615385,0.9830769230769231,0.9815384615384616,0.9753846153846154,0.9815384615384616,0.9784615384615385,0.9830769230769231,0.9692307692307692,0.9846153846153847,0.9815384615384616,0.98,95,100
0.9830769230769231,0.9830769230769231,0.9753846153846154,0.9738461538461538,0.9815384615384616,0.9830769230769231,0.9861538461538462,0.98,0.9769230769230769,0.9769230769230769,0.9769230769230769,0.9753846153846154,0.9784615384615385,0.9861538461538462,0.9830769230769231,0.98,0.9738461538461538,0.9861538461538462,0.9876923076923076,0.9738461538461538,0.9723076923076923,96,100
0.98,0.9661538461538461,0.9676923076923077,0.9784615384615385,0.98,0.9784615384615385,0.9738461538461538,0.9707692307692307,0.9738461538461538,0.98,0.963076923076923,0.98,0.9769230769230769,0.9723076923076923,0.9784615384615385,0.9753846153846154,0.9815384615384616,0.98,0.9692307692307692,0.9723076923076923,0.98,97,100
0.9830769230769231,0.9738461538461538,0.9784615384615385,0.9769230769230769,0.9846153846153847,0.9753846153846154,0.9846153846153847,0.9784615384615385,0.9738461538461538,0.9815384615384616,0.9784615384615385,0.9723076923076923,0.9846153846153847,0.9815384615384616,0.9692307692307692,0.9784615384615385,0.9707692307692307,0.9738461538461538,0.9830769230769231,0.963076923076923,0.9830769230769231,98,100
0.9815384615384616,0.9815384615384616,0.9676923076923077,0.9769230769230769,0.9846153846153847,0.963076923076923,0.9830769230769231,0.9815384615384616,0.9815384615384616,0.9784615384615385,0.9738461538461538,0.9723076923076923,0.9892307692307692,0.9753846153846154,0.9815384615384616,0.9784615384615385,0.9815384615384616,0.9861538461538462,0.9753846153846154,0.9692307692307692,0.9815384615384616,99,100
0.9846153846153847,0.9815384615384616,0.9815384615384616,0.9846153846153847,0.9815384615384616,0.9830769230769231,0.9830769230769231,0.9723076923076923,0.9861538461538462,0.9861538461538462,0.9876923076923076,0.9846153846153847,0.9830769230769231,0.9830769230769231,0.98,0.9830769230769231,0.98,0.9815384615384616,0.9784615384615385,0.9769230769230769,0.98,100,100
0.9846153846153847,0.9861538461538462,0.9846153846153847,0.9723076923076923,0.9876923076923076,0.9769230769230769,0.9769230769230769,0.9815384615384616,0.9815384615384616,0.9815384615384616,0.9876923076923076,0.9784615384615385,0.9769230769230769,0.9846153846153847,0.98,0.9815384615384616,0.9846153846153847,0.9830769230769231,0.9815384615384616,0.9815384615384616,0.9861538461538462,101,100
0.9830769230769231,0.9815384615384616,0.9676923076923077,0.9846153846153847,0.9830769230769231,0.9769230769230769,0.9769230769230769,0.9830769230769231,0.9815384615384616,0.9753846153846154,0.9738461538461538,0.9723076923076923,0.9892307692307692,0.9769230769230769,0.9784615384615385,0.9615384615384616,0.9753846153846154,0.9846153846153847,0.9784615384615385,0.9769230769230769,0.9769230769230769,102,100
0.9876923076923076,0.9830769230769231,0.9861538461538462,0.9784615384615385,0.9846153846153847,0.9861538461538462,0.9892307692307692,0.9861538461538462,0.9815384615384616,0.9892307692307692,0.9830769230769231,0.9846153846153847,0.9861538461538462,0.9861538461538462,0.9861538461538462,0.98,0.9846153846153847,0.9784615384615385,0.9846153846153847,0.9784615384615385,0.9846153846153847,103,100
0.9830769230769231,0.9769230769230769,0.9815384615384616,0.98,0.9815384615384616,0.9784615384615385,0.9830769230769231,0.9846153846153847,0.9661538461538461,0.9738461538461538,0.9784615384615385,0.9830769230769231,0.9738461538461538,0.9815384615384616,0.9830769230769231,0.9723076923076923,0.9892307692307692,0.9784615384615385,0.9738461538461538,0.9830769230769231,0.9723076923076923,104,100
0.9846153846153847,0.9830769230769231,0.98,0.9815384615384616,0.9861538461538462,0.9861538461538462,0.9815384615384616,0.9738461538461538,0.9784615384615385,0.9846153846153847,0.9753846153846154,0.9784615384615385,0.9830769230769231,0.9830769230769231,0.9738461538461538,0.9892307692307692,0.9815384615384616,0.9815384615384616,0.9861538461538462,0.9830769230769231,0.9830769230769231,105,100
0.9861538461538462,0.9846153846153847,0.9861538461538462,0.9723076923076923,0.9692307692307692,0.9676923076923077,0.9676923076923077,0.98,0.9861538461538462,0.9830769230769231,0.9861538461538462,0.9830769230769231,0.9784615384615385,0.98,0.9846153846153847,0.9815384615384616,0.9830769230769231,0.9876923076923076,0.9830769230769231,0.9815384615384616,0.9815384615384616,106,100
0.9846153846153847,0.9753846153846154,0.9846153846153847,0.9738461538461538,0.9676923076923077,0.9861538461538462,0.9815384615384616,0.9846153846153847,0.9769230769230769,0.9846153846153847,0.9753846153846154,0.9753846153846154,0.9769230769230769,0.9861538461538462,0.9738461538461538,0.9784615384615385,0.9876923076923076,0.98,0.9676923076923077,0.9738461538461538,0.9830769230769231,107,100
0.98,0.9830769230769231,0.9753846153846154,0.9707692307692307,0.98,0.9815384615384616,0.98,0.98,0.9753846153846154,0.9723076923076923,0.9769230769230769,0.9753846153846154,0.9830769230769231,0.9753846153846154,0.9753846153846154,0.9692307692307692,0.9723076923076923,0.9723076923076923,0.9830769230769231,0.9707692307692307,0.9753846153846154,108,100
0.9815384615384616,0.98,0.9769230769230769,0.9738461538461538,0.9784615384615385,0.98,0.9753846153846154,0.9661538461538461,0.9815384615384616,0.9830769230769231,0.9815384615384616,0.9753846153846154,0.98,0.9707692307692307,0.98,0.9815384615384616,0.9769230769230769,0.9769230769230769,0.9830769230769231,0.9753846153846154,0.9753846153846154,109,100
0.98,0.9784615384615385,0.9753846153846154,0.9753846153846154,0.9784615384615385,0.9784615384615385,0.98,0.9784615384615385,0.98,0.9784615384615385,0.9769230769230769,0.9753846153846154,0.9676923076923077,0.9676923076923077,0.9784615384615385,0.9815384615384616,0.9769230769230769,0.9753846153846154,0.9784615384615385,0.9692307692307692,0.98,110,100
0.9815384615384616,0.9723076923076923,0.9846153846153847,0.9676923076923077,0.9753846153846154,0.9784615384615385,0.98,0.98,0.9707692307692307,0.9723076923076923,0.9769230769230769,0.9830769230769231,0.9830769230769231,0.9846153846153847,0.9723076923076923,0.98,0.9707692307692307,0.9784615384615385,0.9692307692307692,0.9769230769230769,0.9753846153846154,111,100
0.9815384615384616,0.9753846153846154,0.9769230769230769,0.9815384615384616,0.98,0.9769230769230769,0.98,0.9753846153846154,0.9830769230769231,0.9692307692307692,0.9753846153846154,0.9846153846153847,0.9784615384615385,0.9784615384615385,0.9738461538461538,0.9753846153846154,0.9861538461538462,0.9707692307692307,0.98,0.9738461538461538,0.9753846153846154,112,100
0.9830769230769231,0.9815384615384616,0.9784615384615385,0.9769230769230769,0.98,0.9846153846153847,0.9846153846153847,0.9769230769230769,0.9753846153846154,0.9815384615384616,0.9784615384615385,0.9830769230769231,0.9815384615384616,0.9753846153846154,0.9815384615384616,0.9784615384615385,0.9830769230769231,0.9692307692307692,0.9846153846153847,0.9815384615384616,0.98,113,100
0.9846153846153847,0.9784615384615385,0.9876923076923076,0.9846153846153847,0.9876923076923076,0.9830769230769231,0.9861538461538462,0.9815384615384616,0.98,0.9861538461538462,0.98,0.9830769230769231,0.9830769230769231,0.98,0.9769230769230769,0.9815384615384616,0.9646153846153847,0.9830769230769231,0.9861538461538462,0.9861538461538462,0.9815384615384616,114,100
0.9876923076923076,0.9846153846153847,0.9846153846153847,0.9753846153846154,0.9892307692307692,0.9846153846153847,0.9907692307692307,0.9876923076923076,0.9815384615384616,0.9876923076923076,0.9815384615384616,0.9738461538461538,0.9892307692307692,0.9861538461538462,0.9846153846153847,0.9784615384615385,0.9861538461538462,0.98,0.9769230769230769,0.9907692307692307,0.9769230769230769,115,100
0.9815384615384616,0.9676923076923077,0.9769230769230769,0.9784615384615385,0.9846153846153847,0.9830769230769231,0.98,0.9784615384615385,0.9815384615384616,0.9738461538461538,0.9815384615384616,0.98,0.9830769230769231,0.9738461538461538,0.9846153846153847,0.9876923076923076,0.9723076923076923,0.98,0.9815384615384616,0.9830769230769231,0.9830769230769231,116,100
0.9815384615384616,0.9707692307692307,0.9815384615384616,0.9784615384615385,0.9707692307692307,0.9784615384615385,0.9769230769230769,0.9846153846153847,0.9784615384615385,0.98,0.98,0.98,0.9815384615384616,0.98,0.9707692307692307,0.9830769230769231,0.9784615384615385,0.9784615384615385,0.9815384615384616,0.9692307692307692,0.9753846153846154,117,100
0.9846153846153847,0.9892307692307692,0.9769230769230769,0.9815384615384616,0.9861538461538462,0.9815384615384616,0.9846153846153847,0.9784615384615385,0.9815384615384616,0.9861538461538462,0.9846153846153847,0.9815384615384616,0.9723076923076923,0.9769230769230769,0.9815384615384616,0.9784615384615385,0.9815384615384616,0.9723076923076923,0.9830769230769231,0.98,0.9815384615384616,118,100
0.9861538461538462,0.9861538461538462,0.9815384615384616,0.9861538461538462,0.9815384615384616,0.98,0.9753846153846154,0.9830769230769231,0.9815384615384616,0.9769230769230769,0.9846153846153847,0.9815384615384616,0.9769230769230769,0.9876923076923076,0.9861538461538462,0.9784615384615385,0.9784615384615385,0.9769230769230769,0.9784615384615385,0.9861538461538462,0.9861538461538462,119,100
0.98,0.9615384615384616,0.9738461538461538,0.9723076923076923,0.9784615384615385,0.98,0.9723076923076923,0.98,0.9723076923076923,0.9753846153846154,0.9738461538461538,0.98,0.9815384615384616,0.9661538461538461,0.98,0.9753846153846154,0.9723076923076923,0.98,0.9830769230769231,0.9753846153846154,0.9784615384615385,120,100
0.9815384615384616,0.9707692307692307,0.9830769230769231,0.9723076923076923,0.9815384615384616,0.9676923076923077,0.9784615384615385,0.9815384615384616,0.98,0.98,0.9784615384615385,0.9753846153846154,0.9784615384615385,0.9830769230769231,0.9769230769230769,0.9784615384615385,0.9753846153846154,0.9830769230769231,0.9784615384615385,0.9769230769230769,0.9769230769230769,121,100
0.98,0.9830769230769231,0.9723076923076923,0.9661538461538461,0.9815384615384616,0.9753846153846154,0.9815384615384616,0.9815384615384616,0.9753846153846154,0.9784615384615385,0.9723076923076923,0.9753846153846154,0.9723076923076923,0.9784615384615385,0.9784615384615385,0.9738461538461538,0.9692307692307692,0.9753846153846154,0.9692307692307692,0.9784615384615385,0.9815384615384616,122,100
0.98,0.9815384615384616,0.9815384615384616,0.9707692307692307,0.9769230769230769,0.9784615384615385,0.9769230769230769,0.9830769230769231,0.9784615384615385,0.9676923076923077,0.9769230769230769,0.98,0.9784615384615385,0.9707692307692307,0.9753846153846154,0.9784615384615385,0.9738461538461538,0.9707692307692307,0.98,0.98,0.9753846153846154,123,100
0.9830769230769231,0.9723076923076923,0.98,0.9830769230769231,0.9769230769230769,0.9692307692307692,0.9830769230769231,0.9784615384615385,0.9846153846153847,0.9815384615384616,0.9830769230769231,0.9784615384615385,0.9846153846153847,0.98,0.9753846153846154,0.9753846153846154,0.9769230769230769,0.9769230769230769,0.98,0.98,0.9830769230769231,124,100
0.9876923076923076,0.9753846153846154,0.9784615384615385,0.9830769230769231,0.9861538461538462,0.9892307692307692,0.9846153846153847,0.9876923076923076,0.9830769230769231,0.9892307692307692,0.9815384615384616,0.9830769230769231,0.9784615384615385,0.9830769230769231,0.98,0.9861538461538462,0.98,0.9753846153846154,0.9769230769230769,0.9876923076923076,0.98,125,100
0.9815384615384616,0.98,0.9815384615384616,0.9707692307692307,0.9784615384615385,0.9769230769230769,0.9830769230769231,0.9753846153846154,0.9815384615384616,0.98,0.9723076923076923,0.9738461538461538,0.9784615384615385,0.9830769230769231,0.9815384615384616,0.9830769230769231,0.9738461538461538,0.9784615384615385,0.9815384615384616,0.9753846153846154,0.98,126,100
0.98,0.9723076923076923,0.9692307692307692,0.9692307692307692,0.9846153846153847,0.9707692307692307,0.9830769230769231,0.98,0.98,0.9830769230769231,0.9769230769230769,0.98,0.9815384615384616,0.9784615384615385,0.9738461538461538,0.9723076923076923,0.9815384615384616,0.9861538461538462,0.9769230769230769,0.9784615384615385,0.9784615384615385,127,100
0.9815384615384616,0.98,0.9661538461538461,0.9769230769230769,0.9784615384615385,0.98,0.9846153846153847,0.98,0.9738461538461538,0.9738461538461538,0.9738461538461538,0.9738461538461538,0.9861538461538462,0.9646153846153847,0.9753846153846154,0.98,0.9738461538461538,0.98,0.9815384615384616,0.9830769230769231,0.9723076923076923,128,100
0.9861538461538462,0.9861538461538462,0.9707692307692307,0.9815384615384616,0.9861538461538462,0.9846153846153847,0.9676923076923077,0.9861538461538462,0.9815384615384616,0.9723076923076923,0.9738461538461538,0.9846153846153847,0.9769230769230769,0.9769230769230769,0.9815384615384616,0.9861538461538462,0.9723076923076923,0.9846153846153847,0.9769230769230769,0.9830769230769231,0.9846153846153847,129,100
0.9846153846153847,0.9769230769230769,0.98,0.9692307692307692,0.9707692307692307,0.9861538461538462,0.9861538461538462,0.9815384615384616,0.9784615384615385,0.98,0.9846153846153847,0.98,0.9723076923076923,0.9692307692307692,0.9815384615384616,0.9846153846153847,0.9784615384615385,0.9861538461538462,0.9753846153846154,0.9784615384615385,0.9784615384615385,130,100
0.9846153846153847,0.9753846153846154,0.9815384615384616,0.9815384615384616,0.9861538461538462,0.9738461538461538,0.9753846153846154,0.9861538461538462,0.9753846153846154,0.9876923076923076,0.9846153846153847,0.9738461538461538,0.9707692307692307,0.9753846153846154,0.9876923076923076,0.9846153846153847,0.9830769230769231,0.9769230769230769,0.9738461538461538,0.9769230769230769,0.9815384615384616,131,100
0.98,0.9784615384615385,0.9753846153846154,0.98,0.9815384615384616,0.9738461538461538,0.9784615384615385,0.9723076923076923,0.9723076923076923,0.9738461538461538,0.9784615384615385,0.9723076923076923,0.9738461538461538,0.9769230769230769,0.9753846153846154,0.9661538461538461,0.9769230769230769,0.9784615384615385,0.9784615384615385,0.9753846153846154,0.9769230769230769,132,100
0.9861538461538462,0.9846153846153847,0.9876923076923076,0.98,0.9738461538461538,0.9861538461538462,0.9815384615384616,0.9692307692307692,0.9830769230769231,0.9861538461538462,0.9876923076923076,0.9769230769230769,0.9815384615384616,0.9846153846153847,0.9830769230769231,0.9861538461538462,0.9846153846153847,0.9753846153846154,0.9876923076923076,0.9846153846153847,0.9861538461538462,133,100
0.9830769230769231,0.9830769230769231,0.9830769230769231,0.9784615384615385,0.9769230769230769,0.9784615384615385,0.9830769230769231,0.9815384615384616,0.9830769230769231,0.9830769230769231,0.9815384615384616,0.9892307692307692,0.9830769230769231,0.9830769230769231,0.9830769230769231,0.9784615384615385,0.9738461538461538,0.9815384615384616,0.98,0.9830769230769231,0.98,134,100
0.9861538461538462,0.9892307692307692,0.9738461538461538,0.9784615384615385,0.9846153846153847,0.9830769230769231,0.9846153846153847,0.9815384615384616,0.9830769230769231,0.9753846153846154,0.9769230769230769,0.9861538461538462,0.9861538461538462,0.9661538461538461,0.9784615384615385,0.9876923076923076,0.9784615384615385,0.9876923076923076,0.9830769230769231,0.9723076923076923,0.9830769230769231,135,100
0.9830769230769231,0.9784615384615385,0.9846153846153847,0.98,0.9830769230769231,0.9723076923076923,0.9723076923076923,0.9692307692307692,0.9830769230769231,0.9815384615384616,0.9769230769230769,0.9815384615384616,0.9707692307692307,0.9753846153846154,0.9784615384615385,0.9738461538461538,0.98,0.98,0.9784615384615385,0.9815384615384616,0.9830769230769231,136,100
0.98,0.9784615384615385,0.9661538461538461,0.9815384615384616,0.9769230769230769,0.9661538461538461,0.9723076923076923,0.98,0.9769230769230769,0.9723076923076923,0.9815384615384616,0.9707692307692307,0.9830769230769231,0.9753846153846154,0.9753846153846154,0.9707692307692307,0.98,0.9707692307692307,0.9738461538461538,0.9707692307692307,0.9723076923076923,137,100
0.9815384615384616,0.9784615384615385,0.9784615384615385,0.9830769230769231,0.9707692307692307,0.9661538461538461,0.9830769230769231,0.98,0.98,0.9846153846153847,0.9723076923076923,0.9707692307692307,0.9784615384615385,0.9784615384615385,0.98,0.9753846153846154,0.963076923076923,0.9738461538461538,0.9738461538461538,0.9846153846153847,0.9784615384615385,138,100
0.9815384615384616,0.9815384615384616,0.96,0.9707692307692307,0.9676923076923077,0.9815384615384616,0.9815384615384616,0.9815384615384616,0.9753846153846154,0.98,0.9815384615384616,0.9692307692307692,0.9830769230769231,0.9753846153846154,0.9830769230769231,0.9784615384615385,0.9815384615384616,0.9815384615384616,0.9692307692307692,0.9676923076923077,0.9861538461538462,139,100
0.9815384615384616,0.9769230769230769,0.9753846153846154,0.9830769230769231,0.9830769230769231,0.9738461538461538,0.9830769230769231,0.9753846153846154,0.98,0.9707692307692307,0.9892307692307692,0.9723076923076923,0.9723076923076923,0.9707692307692307,0.98,0.9692307692307692,0.9769230769230769,0.9753846153846154,0.9784615384615385,0.9815384615384616,0.9769230769230769,140,100
0.9830769230769231,0.9769230769230769,0.9861538461538462,0.9861538461538462,0.9861538461538462,0.9769230769230769,0.98,0.9769230769230769,0.98,0.9815384615384616,0.9815384615384616,0.9830769230769231,0.9784615384615385,0.9753846153846154,0.9738461538461538,0.9846153846153847,0.9830769230769231,0.9815384615384616,0.9769230769230769,0.9784615384615385,0.9784615384615385,141,100
0.9830769230769231,0.9784615384615385,0.98,0.9753846153846154,0.9753846153846154,0.9846153846153847,0.9738461538461538,0.9753846153846154,0.9876923076923076,0.98,0.9815384615384616,0.9769230769230769,0.9815384615384616,0.9692307692307692,0.98,0.9723076923076923,0.9846153846153847,0.9861538461538462,0.9815384615384616,0.98,0.9815384615384616,142,100
0.9815384615384616,0.9707692307692307,0.9830769230769231,0.9815384615384616,0.9769230769230769,0.9815384615384616,0.9769230769230769,0.9769230769230769,0.9815384615384616,0.9753846153846154,0.9723076923076923,0.9830769230769231,0.9815384615384616,0.9738461538461538,0.9784615384615385,0.9753846153846154,0.9815384615384616,0.98,0.9769230769230769,0.9815384615384616,0.9738461538461538,143,100
0.9815384615384616,0.9707692307692307,0.9815384615384616,0.9830769230769231,0.9769230769230769,0.98,0.9815384615384616,0.9769230769230769,0.9830769230769231,0.9784615384615385,0.9830769230769231,0.9738461538461538,0.9769230769230769,0.9692307692307692,0.9830769230769231,0.9830769230769231,0.9784615384615385,0.98,0.9753846153846154,0.9692307692307692,0.9861538461538462,144,100
0.9846153846153847,0.9707692307692307,0.9723076923076923,0.9753846153846154,0.9815384615384616,0.9846153846153847,0.9815384615384616,0.9846153846153847,0.9784615384615385,0.9784615384615385,0.9846153846153847,0.9815384615384616,0.9846153846153847,0.9876923076923076,0.9769230769230769,0.9861538461538462,0.9846153846153847,0.9861538461538462,0.9861538461538462,0.9830769230769231,0.98,145,100
0.9830769230769231,0.9723076923076923,0.98,0.9830769230769231,0.9769230769230769,0.9692307692307692,0.9830769230769231,0.9784615384615385,0.9846153846153847,0.9815384615384616,0.9830769230769231,0.9784615384615385,0.9846153846153847,0.98,0.9753846153846154,0.9753846153846154,0.9769230769230769,0.9769230769230769,0.98,0.98,0.9830769230769231,146,100
0.9846153846153847,0.9846153846153847,0.98,0.9846153846153847,0.9830769230769231,0.9769230769230769,0.9846153846153847,0.98,0.9846153846153847,0.98,0.9846153846153847,0.9784615384615385,0.9846153846153847,0.9769230769230769,0.9846153846153847,0.9861538461538462,0.9815384615384616,0.9738461538461538,0.9738461538461538,0.9769230769230769,0.9753846153846154,147,100
0.9815384615384616,0.98,0.9830769230769231,0.9753846153846154,0.9830769230769231,0.9738461538461538,0.9753846153846154,0.9615384615384616,0.9815384615384616,0.9723076923076923,0.9815384615384616,0.9769230769230769,0.9830769230769231,0.98,0.9815384615384616,0.9830769230769231,0.98,0.9846153846153847,0.9784615384615385,0.9753846153846154,0.9769230769230769,148,100
0.9830769230769231,0.9830769230769231,0.9753846153846154,0.9846153846153847,0.98,0.9784615384615385,0.9815384615384616,0.9707692307692307,0.9784615384615385,0.9815384615384616,0.9846153846153847,0.9753846153846154,0.98,0.9861538461538462,0.9753846153846154,0.9815384615384616,0.9769230769230769,0.9769230769230769,0.9769230769230769,0.9753846153846154,0.9784615384615385,149,100
0.9846153846153847,0.9846153846153847,0.9876923076923076,0.9784615384615385,0.9892307692307692,0.9723076923076923,0.9861538461538462,0.9846153846153847,0.9830769230769231,0.9846153846153847,0.9738461538461538,0.9769230769230769,0.9846153846153847,0.9846153846153847,0.9830769230769231,0.9784615384615385,0.9753846153846154,0.9692307692307692,0.9846153846153847,0.9707692307692307,0.9815384615384616,150,100
0.98,0.98,0.9784615384615385,0.9769230769230769,0.98,0.9753846153846154,0.9753846153846154,0.9784615384615385,0.9784615384615385,0.9815384615384616,0.9676923076923077,0.9815384615384616,0.9784615384615385,0.9784615384615385,0.98,0.9753846153846154,0.9692307692307692,0.9753846153846154,0.9769230769230769,0.9723076923076923,0.9784615384615385,151,100
0.9784615384615385,0.9707692307692307,0.9830769230769231,0.9753846153846154,0.9769230769230769,0.9753846153846154,0.98,0.9784615384615385,0.9784615384615385,0.9738461538461538,0.9723076923076923,0.9676923076923077,0.98,0.9615384615384616,0.98,0.9784615384615385,0.9707692307692307,0.9769230769230769,0.9707692307692307,0.9738461538461538,0.9738461538461538,152,100
0.9815384615384616,0.9769230769230769,0.9692307692307692,0.9676923076923077,0.98,0.9846153846153847,0.98,0.9753846153846154,0.9815384615384616,0.98,0.9753846153846154,0.98,0.9846153846153847,0.9784615384615385,0.9784615384615385,0.9784615384615385,0.9830769230769231,0.9861538461538462,0.9723076923076923,0.9646153846153847,0.98,153,100
0.9815384615384616,0.9723076923076923,0.9723076923076923,0.9815384615384616,0.9692307692307692,0.9815384615384616,0.9723076923076923,0.9753846153846154,0.9784615384615385,0.9815384615384616,0.9815384615384616,0.9646153846153847,0.9753846153846154,0.98,0.9707692307692307,0.9707692307692307,0.98,0.98,0.9830769230769231,0.9861538461538462,0.9661538461538461,154,100
0.98,0.98,0.9784615384615385,0.9769230769230769,0.98,0.9753846153846154,0.9753846153846154,0.9784615384615385,0.9784615384615385,0.9815384615384616,0.9676923076923077,0.9815384615384616,0.9784615384615385,0.9784615384615385,0.98,0.9753846153846154,0.9692307692307692,0.9753846153846154,0.9769230769230769,0.9723076923076923,0.9784615384615385,155,100
0.9815384615384616,0.9815384615384616,0.9753846153846154,0.9784615384615385,0.9815384615384616,0.9830769230769231,0.9784615384615385,0.9784615384615385,0.9815384615384616,0.9784615384615385,0.9784615384615385,0.9892307692307692,0.9707692307692307,0.9738461538461538,0.98,0.9769230769230769,0.98,0.9815384615384616,0.9753846153846154,0.98,0.9769230769230769,156,100
0.9830769230769231,0.9738461538461538,0.9784615384615385,0.9692307692307692,0.9784615384615385,0.9815384615384616,0.9769230769230769,0.9753846153846154,0.9846153846153847,0.9769230769230769,0.9738461538461538,0.9753846153846154,0.98,0.9846153846153847,0.9861538461538462,0.9830769230769231,0.9830769230769231,0.9784615384615385,0.9692307692307692,0.9738461538461538,0.9753846153846154,157,100
0.9861538461538462,0.9892307692307692,0.9830769230769231,0.98,0.9830769230769231,0.9876923076923076,0.9846153846153847,0.9861538461538462,0.9846153846153847,0.9846153846153847,0.9861538461538462,0.9723076923076923,0.9738461538461538,0.9861538461538462,0.9876923076923076,0.9769230769230769,0.9692307692307692,0.98,0.9784615384615385,0.98,0.9753846153846154,158,100
0.98,0.9723076923076923,0.9738461538461538,0.98,0.9738461538461538,0.9707692307692307,0.9753846153846154,0.9723076923076923,0.9830769230769231,0.9769230769230769,0.9815384615384616,0.9738461538461538,0.9753846153846154,0.9692307692307692,0.9753846153846154,0.9738461538461538,0.9661538461538461,0.98,0.9738461538461538,0.9815384615384616,0.9738461538461538,159,100
0.9846153846153847,0.9707692307692307,0.98,0.9784615384615385,0.98,0.9553846153846154,0.9753846153846154,0.9815384615384616,0.9861538461538462,0.9769230769230769,0.9861538461538462,0.9784615384615385,0.9753846153846154,0.9784615384615385,0.9830769230769231,0.9769230769230769,0.9769230769230769,0.9784615384615385,0.9784615384615385,0.9861538461538462,0.9753846153846154,160,100
0.9784615384615385,0.9738461538461538,0.98,0.9738461538461538,0.9784615384615385,0.9707692307692307,0.9723076923076923,0.9753846153846154,0.98,0.9784615384615385,0.9815384615384616,0.9784615384615385,0.9784615384615385,0.9784615384615385,0.9738461538461538,0.9830769230769231,0.9646153846153847,0.9661538461538461,0.9753846153846154,0.98,0.9692307692307692,161,100
0.9830769230769231,0.9784615384615385,0.9815384615384616,0.9861538461538462,0.9753846153846154,0.9846153846153847,0.9769230769230769,0.9846153846153847,0.9738461538461538,0.9861538461538462,0.9738461538461538,0.9753846153846154,0.9753846153846154,0.9830769230769231,0.9753846153846154,0.9815384615384616,0.9784615384615385,0.98,0.9738461538461538,0.9769230769230769,0.98,162,100
0.9830769230769231,0.9769230769230769,0.9784615384615385,0.9846153846153847,0.9769230769230769,0.9692307692307692,0.9846153846153847,0.9830769230769231,0.98,0.9738461538461538,0.9815384615384616,0.9769230769230769,0.9738461538461538,0.9676923076923077,0.9815384615384616,0.9846153846153847,0.9815384615384616,0.9830769230769231,0.9707692307692307,0.9830769230769231,0.9784615384615385,163,100
0.9815384615384616,0.9707692307692307,0.98,0.9707692307692307,0.9830769230769231,0.9784615384615385,0.9815384615384616,0.9753846153846154,0.9661538461538461,0.9753846153846154,0.9707692307692307,0.9815384615384616,0.9707692307692307,0.9753846153846154,0.9815384615384616,0.9707692307692307,0.9861538461538462,0.9830769230769231,0.98,0.9784615384615385,0.9815384615384616,164,100
0.9876923076923076,0.9876923076923076,0.9846153846153847,0.9846153846153847,0.9892307692307692,0.9876923076923076,0.98,0.9892307692307692,0.9784615384615385,0.9830769230769231,0.9876923076923076,0.9861538461538462,0.9861538461538462,0.9907692307692307,0.9846153846153847,0.9892307692307692,0.9876923076923076,0.9815384615384616,0.9876923076923076,0.9815384615384616,0.9876923076923076,165,100
0.9830769230769231,0.9830769230769231,0.9738461538461538,0.9738461538461538,0.9769230769230769,0.9753846153846154,0.9846153846153847,0.9830769230769231,0.98,0.9707692307692307,0.9753846153846154,0.98,0.9846153846153847,0.9830769230769231,0.9723076923076923,0.9815384615384616,0.9753846153846154,0.9846153846153847,0.9753846153846154,0.98,0.9830769230769231,166,100
0.9830769230769231,0.9846153846153847,0.9784615384615385,0.98,0.98,0.9861538461538462,0.9692307692307692,0.9646153846153847,0.9769230769230769,0.9830769230769231,0.98,0.9815384615384616,0.9784615384615385,0.9830769230769231,0.9861538461538462,0.98,0.9784615384615385,0.9738461538461538,0.9692307692307692,0.9784615384615385,0.9753846153846154,167,100
0.9846153846153847,0.9846153846153847,0.9876923076923076,0.9784615384615385,0.9892307692307692,0.9723076923076923,0.9861538461538462,0.9846153846153847,0.9830769230769231,0.9846153846153847,0.9738461538461538,0.9769230769230769,0.9846153846153847,0.9846153846153847,0.9830769230769231,0.9784615384615385,0.9753846153846154,0.9692307692307692,0.9846153846153847,0.9707692307692307,0.9815384615384616,168,100
0.9815384615384616,0.98,0.98,0.98,0.9723076923076923,0.9661538461538461,0.9830769230769231,0.9769230769230769,0.9846153846153847,0.98,0.9815384615384616,0.9784615384615385,0.9707692307692307,0.9784615384615385,0.9846153846153847,0.9723076923076923,0.9676923076923077,0.9738461538461538,0.98,0.9723076923076923,0.9815384615384616,169,100
0.9830769230769231,0.9830769230769231,0.98,0.9769230769230769,0.9846153846153847,0.9769230769230769,0.98,0.9846153846153847,0.9738461538461538,0.9769230769230769,0.9784615384615385,0.9830769230769231,0.9738461538461538,0.9676923076923077,0.9769230769230769,0.98,0.9815384615384616,0.9815384615384616,0.9784615384615385,0.9769230769230769,0.98,170,100
0.98,0.9815384615384616,0.9769230769230769,0.9815384615384616,0.98,0.9846153846153847,0.9738461538461538,0.9723076923076923,0.9846153846153847,0.98,0.9692307692307692,0.9738461538461538,0.9815384615384616,0.9723076923076923,0.9769230769230769,0.9707692307692307,0.9784615384615385,0.9676923076923077,0.9784615384615385,0.9769230769230769,0.9784615384615385,171,100
0.9830769230769231,0.9738461538461538,0.98,0.9861538461538462,0.9692307692307692,0.9830769230769231,0.9815384615384616,0.9815384615384616,0.9784615384615385,0.9753846153846154,0.9769230769230769,0.98,0.98,0.9738461538461538,0.9830769230769231,0.9861538461538462,0.9861538461538462,0.9846153846153847,0.9846153846153847,0.9861538461538462,0.9861538461538462,172,100
0.98,0.9753846153846154,0.9815384615384616,0.9569230769230769,0.9784615384615385,0.9738461538461538,0.9723076923076923,0.9861538461538462,0.9753846153846154,0.9784615384615385,0.98,0.9723076923076923,0.9784615384615385,0.9723076923076923,0.9815384615384616,0.9723076923076923,0.9846153846153847,0.9707692307692307,0.9815384615384616,0.9815384615384616,0.9723076923076923,173,100
0.9846153846153847,0.9723076923076923,0.9769230769230769,0.9769230769230769,0.98,0.9861538461538462,0.9846153846153847,0.9769230769230769,0.98,0.9738461538461538,0.9846153846153847,0.9815384615384616,0.9723076923076923,0.9815384615384616,0.9846153846153847,0.9815384615384616,0.9830769230769231,0.9753846153846154,0.9861538461538462,0.9861538461538462,0.9784615384615385,174,100
0.98,0.9692307692307692,0.9738461538461538,0.9784615384615385,0.9846153846153847,0.9753846153846154,0.9769230769230769,0.9784615384615385,0.9753846153846154,0.9738461538461538,0.9707692307692307,0.98,0.9815384615384616,0.9738461538461538,0.9830769230769231,0.9723076923076923,0.9784615384615385,0.9784615384615385,0.9753846153846154,0.9692307692307692,0.9676923076923077,175,100
0.9784615384615385,0.9784615384615385,0.9769230769230769,0.9784615384615385,0.9753846153846154,0.9615384615384616,0.9784615384615385,0.9661538461538461,0.9723076923076923,0.9661538461538461,0.9769230769230769,0.9707692307692307,0.9738461538461538,0.9784615384615385,0.9738461538461538,0.9769230769230769,0.98,0.98,0.9707692307692307,0.9707692307692307,0.98,176,100
0.9846153846153847,0.9615384615384616,0.9846153846153847,0.9861538461538462,0.9692307692307692,0.9738461538461538,0.9769230769230769,0.9738461538461538,0.9815384615384616,0.9738461538461538,0.9676923076923077,0.9861538461538462,0.9846153846153847,0.9846153846153847,0.9815384615384616,0.9784615384615385,0.9830769230769231,0.98,0.9846153846153847,0.9815384615384616,0.9861538461538462,177,100
0.9830769230769231,0.9815384615384616,0.9815384615384616,0.9769230769230769,0.9723076923076923,0.98,0.9707692307692307,0.9723076923076923,0.9830769230769231,0.9815384615384616,0.9830769230769231,0.9661538461538461,0.9846153846153847,0.9784615384615385,0.9830769230769231,0.9784615384615385,0.9815384615384616,0.9753846153846154,0.9815384615384616,0.9707692307692307,0.9738461538461538,178,100
0.9846153846153847,0.9830769230769231,0.98,0.9815384615384616,0.9861538461538462,0.9861538461538462,0.9815384615384616,0.9738461538461538,0.9784615384615385,0.9846153846153847,0.9753846153846154,0.9784615384615385,0.9830769230769231,0.9830769230769231,0.9738461538461538,0.9892307692307692,0.9815384615384616,0.9815384615384616,0.9861538461538462,0.9830769230769231,0.9830769230769231,179,100
0.9815384615384616,0.9815384615384616,0.9692307692307692,0.98,0.9815384615384616,0.98,0.98,0.9784615384615385,0.9784615384615385,0.9815384615384616,0.9769230769230769,0.98,0.9784615384615385,0.9784615384615385,0.9815384615384616,0.9830769230769231,0.9784615384615385,0.98,0.9846153846153847,0.9707692307692307,0.9784615384615385,180,100
0.9815384615384616,0.9815384615384616,0.9815384615384616,0.9738461538461538,0.9661538461538461,0.98,0.9815384615384616,0.9830769230769231,0.9769230769230769,0.9753846153846154,0.98,0.963076923076923,0.9738461538461538,0.9815384615384616,0.9753846153846154,0.9753846153846154,0.9692307692307692,0.9676923076923077,0.9815384615384616,0.9753846153846154,0.98,181,100
0.9815384615384616,0.98,0.9830769230769231,0.9769230769230769,0.9738461538461538,0.9676923076923077,0.9846153846153847,0.9784615384615385,0.98,0.9830769230769231,0.9784615384615385,0.98,0.9784615384615385,0.9815384615384616,0.9784615384615385,0.9846153846153847,0.9815384615384616,0.9738461538461538,0.9861538461538462,0.9738461538461538,0.9830769230769231,182,100
0.9846153846153847,0.9876923076923076,0.9815384615384616,0.9830769230769231,0.9815384615384616,0.9769230769230769,0.9830769230769231,0.9830769230769231,0.9769230769230769,0.9846153846153847,0.9846153846153847,0.98,0.9861538461538462,0.9784615384615385,0.9846153846153847,0.9769230769230769,0.9784615384615385,0.9753846153846154,0.9846153846153847,0.9846153846153847,0.9830769230769231,183,100
0.9815384615384616,0.96,0.9815384615384616,0.9723076923076923,0.9830769230769231,0.9738461538461538,0.9707692307692307,0.9769230769230769,0.98,0.98,0.98,0.9738461538461538,0.9753846153846154,0.9738461538461538,0.9830769230769231,0.9846153846153847,0.98,0.9846153846153847,0.9723076923076923,0.98,0.9753846153846154,184,100
0.9830769230769231,0.9846153846153847,0.9861538461538462,0.9815384615384616,0.9707692307692307,0.9769230769230769,0.9830769230769231,0.9815384615384616,0.9830769230769231,0.9769230769230769,0.9830769230769231,0.9707692307692307,0.9830769230769231,0.9830769230769231,0.9753846153846154,0.9830769230769231,0.9830769230769231,0.9753846153846154,0.9676923076923077,0.9876923076923076,0.9846153846153847,185,100
0.9907692307692307,0.9846153846153847,0.9923076923076923,0.9769230769230769,0.9892307692307692,0.9846153846153847,0.9892307692307692,0.9861538461538462,0.9830769230769231,0.9876923076923076,0.9846153846153847,0.9907692307692307,0.9769230769230769,0.9861538461538462,0.9830769230769231,0.9907692307692307,0.9861538461538462,0.9923076923076923,0.9892307692307692,0.9923076923076923,0.9923076923076923,186,100
0.9846153846153847,0.9753846153846154,0.9815384615384616,0.9769230769230769,0.9892307692307692,0.9861538461538462,0.98,0.98,0.9876923076923076,0.9876923076923076,0.9861538461538462,0.9815384615384616,0.9861538461538462,0.9830769230769231,0.9815384615384616,0.9738461538461538,0.9861538461538462,0.9784615384615385,0.9707692307692307,0.9846153846153847,0.9753846153846154,187,100
0.9815384615384616,0.9769230769230769,0.9830769230769231,0.98,0.9784615384615385,0.9830769230769231,0.9723076923076923,0.9784615384615385,0.9815384615384616,0.9723076923076923,0.9830769230769231,0.9784615384615385,0.9769230769230769,0.9830769230769231,0.9753846153846154,0.9861538461538462,0.9769230769230769,0.98,0.9723076923076923,0.98,0.9769230769230769,188,100
0.9784615384615385,0.9676923076923077,0.9738461538461538,0.9769230769230769,0.9692307692307692,0.9753846153846154,0.9784615384615385,0.9753846153846154,0.98,0.9784615384615385,0.9738461538461538,0.9615384615384616,0.9753846153846154,0.9784615384615385,0.9723076923076923,0.9784615384615385,0.98,0.9769230769230769,0.9769230769230769,0.9676923076923077,0.9769230769230769,189,100
0.9861538461538462,0.98,0.9830769230769231,0.9892307692307692,0.9830769230769231,0.9861538461538462,0.9753846153846154,0.9861538461538462,0.9815384615384616,0.98,0.9861538461538462,0.9892307692307692,0.9846153846153847,0.9846153846153847,0.9876923076923076,0.9861538461538462,0.9846153846153847,0.98,0.9861538461538462,0.9646153846153847,0.98,190,100
0.98,0.9692307692307692,0.9615384615384616,0.963076923076923,0.9784615384615385,0.9723076923076923,0.98,0.9784615384615385,0.9784615384615385,0.9784615384615385,0.9784615384615385,0.9830769230769231,0.9738461538461538,0.98,0.9784615384615385,0.9753846153846154,0.9738461538461538,0.9753846153846154,0.9753846153846154,0.9830769230769231,0.9815384615384616,191,100
0.9846153846153847,0.9723076923076923,0.9769230769230769,0.98,0.9753846153846154,0.98,0.9846153846153847,0.9753846153846154,0.9784615384615385,0.9815384615384616,0.9738461538461538,0.9769230769230769,0.9830769230769231,0.9861538461538462,0.9753846153846154,0.98,0.9784615384615385,0.9815384615384616,0.9815384615384616,0.98,0.9707692307692307,192,100
0.9815384615384616,0.9769230769230769,0.9784615384615385,0.9830769230769231,0.9753846153846154,0.9861538461538462,0.9692307692307692,0.9769230769230769,0.9784615384615385,0.9769230769230769,0.9707692307692307,0.9707692307692307,0.98,0.9815384615384616,0.98,0.9676923076923077,0.9676923076923077,0.9815384615384616,0.9846153846153847,0.9738461538461538,0.9769230769230769,193,100
0.9815384615384616,0.9753846153846154,0.9738461538461538,0.9784615384615385,0.9692307692307692,0.9784615384615385,0.98,0.9738461538461538,0.9769230769230769,0.9753846153846154,0.9753846153846154,0.9830769230769231,0.9753846153846154,0.9738461538461538,0.98,0.98,0.9723076923076923,0.9676923076923077,0.9815384615384616,0.98,0.9815384615384616,194,100
0.9846153846153847,0.9861538461538462,0.9846153846153847,0.96,0.9861538461538462,0.9738461538461538,0.9769230769230769,0.9861538461538462,0.9692307692307692,0.9846153846153847,0.9846153846153847,0.9784615384615385,0.9769230769230769,0.98,0.9753846153846154,0.9876923076923076,0.9830769230769231,0.9707692307692307,0.9784615384615385,0.98,0.9815384615384616,195,100
0.9815384615384616,0.98,0.9861538461538462,0.98,0.9753846153846154,0.9784615384615385,0.9815384615384616,0.9769230769230769,0.9769230769230769,0.9830769230769231,0.9784615384615385,0.98,0.9830769230769231,0.9738461538461538,0.9692307692307692,0.9692307692307692,0.9830769230769231,0.9784615384615385,0.98,0.9815384615384616,0.9830769230769231,196,100
0.9815384615384616,0.9753846153846154,0.9769230769230769,0.9784615384615385,0.9646153846153847,0.9723076923076923,0.9784615384615385,0.9753846153846154,0.9830769230769231,0.9830769230769231,0.9723076923076923,0.9846153846153847,0.9830769230769231,0.9784615384615385,0.9692307692307692,0.9753846153846154,0.9461538461538461,0.9676923076923077,0.9753846153846154,0.9707692307692307,0.9769230769230769,197,100
0.9830769230769231,0.9815384615384616,0.9784615384615385,0.9846153846153847,0.9830769230769231,0.9846153846153847,0.98,0.9753846153846154,0.9815384615384616,0.9784615384615385,0.9815384615384616,0.9753846153846154,0.9830769230769231,0.9584615384615385,0.9784615384615385,0.9815384615384616,0.98,0.9769230769230769,0.9769230769230769,0.9723076923076923,0.9676923076923077,198,100
0.9846153846153847,0.9738461538461538,0.9723076923076923,0.9815384615384616,0.9769230769230769,0.9738461538461538,0.9738461538461538,0.9861538461538462,0.9769230769230769,0.98,0.9815384615384616,0.9861538461538462,0.9876923076923076,0.9769230769230769,0.9861538461538462,0.9815384615384616,0.9815384615384616,0.9815384615384616,0.9707692307692307,0.9861538461538462,0.98,199,100
0.98,0.9815384615384616,0.9738461538461538,0.98,0.9661538461538461,0.98,0.9738461538461538,0.9784615384615385,0.9815384615384616,0.9830769230769231,0.9707692307692307,0.98,0.9769230769230769,0.98,0.9753846153846154,0.9692307692307692,0.9815384615384616,0.9723076923076923,0.9661538461538461,0.9830769230769231,0.9815384615384616,200,100
