comm_cost,cost_mode,n_clients,max_depth,trial,predicted_global,effective_predicted_global,actual_global,effective_actual_global
0.1,fixed,10,100,1,0.847492327344295,0.747492327344295,0.8548065110565111,0.7548065110565111
0.1,fixed,10,100,2,0.8451515521707325,0.7451515521707325,0.8548065110565111,0.7548065110565111
0.1,fixed,10,100,3,0.8523197000182168,0.7523197000182168,0.8566492628992629,0.7566492628992629
0.1,fixed,10,100,4,0.8446869828937172,0.7446869828937173,0.8513513513513513,0.7513513513513513
0.1,fixed,10,100,5,0.8427757609125145,0.7427757609125145,0.8531941031941032,0.7531941031941032
0.1,fixed,10,100,6,0.8450835951883592,0.7450835951883592,0.8538083538083538,0.7538083538083539
0.1,fixed,10,100,7,0.848090153793547,0.748090153793547,0.8523495085995086,0.7523495085995087
0.1,fixed,10,100,8,0.8469075365776007,0.7469075365776007,0.8566492628992629,0.7566492628992629
0.1,fixed,10,100,9,0.8439292638811426,0.7439292638811427,0.8487407862407862,0.7487407862407862
0.1,fixed,10,100,10,0.8488338169841972,0.7488338169841973,0.8580313267813268,0.7580313267813268
0.1,fixed,10,100,11,0.8475608252485219,0.747560825248522,0.8543458230958231,0.7543458230958231
0.1,fixed,10,100,12,0.8407072788923944,0.7407072788923944,0.8587223587223587,0.7587223587223587
0.1,fixed,10,100,13,0.8472593496814922,0.7472593496814922,0.8528101965601965,0.7528101965601965
0.1,fixed,10,100,14,0.850241351089435,0.750241351089435,0.8521959459459459,0.752195945945946
0.1,fixed,10,100,15,0.8536466666470578,0.7536466666470578,0.8568028255528255,0.7568028255528255
0.1,fixed,10,100,16,0.8500161874120559,0.7500161874120559,0.8530405405405406,0.7530405405405406
0.1,fixed,10,100,17,0.8439428857296795,0.7439428857296795,0.8488943488943489,0.7488943488943489
0.1,fixed,10,100,18,0.8416582482964046,0.7416582482964046,0.8544993857493858,0.7544993857493858
0.1,fixed,10,100,19,0.8501748718102438,0.7501748718102438,0.8601812039312039,0.7601812039312039
0.1,fixed,10,100,20,0.8431327919382908,0.7431327919382908,0.8509674447174447,0.7509674447174447
0.1,fixed,10,100,21,0.8476267446663984,0.7476267446663984,0.8567260442260443,0.7567260442260443
0.1,fixed,10,100,22,0.8511650534095965,0.7511650534095965,0.8562653562653563,0.7562653562653563
0.1,fixed,10,100,23,0.8480399610036576,0.7480399610036577,0.851044226044226,0.751044226044226
0.1,fixed,10,100,24,0.8494777061237945,0.7494777061237945,0.8538083538083538,0.7538083538083539
0.1,fixed,10,100,25,0.8447913537168139,0.7447913537168139,0.8544226044226044,0.7544226044226044
0.1,fixed,10,100,26,0.8414414895331904,0.7414414895331904,0.8521191646191646,0.7521191646191646
0.1,fixed,10,100,27,0.8462282742177714,0.7462282742177714,0.8524262899262899,0.7524262899262899
0.1,fixed,10,100,28,0.8510950371624458,0.7510950371624459,0.8534244471744472,0.7534244471744472
0.1,fixed,10,100,29,0.8452335936734388,0.7452335936734388,0.8531173218673219,0.7531173218673219
0.1,fixed,10,100,30,0.8494777061237945,0.7494777061237945,0.8538083538083538,0.7538083538083539
0.1,fixed,10,100,31,0.8435488684163628,0.7435488684163628,0.8530405405405406,0.7530405405405406
0.1,fixed,10,100,32,0.848304868784398,0.7483048687843981,0.8561885749385749,0.7561885749385749
0.1,fixed,10,100,33,0.8457379957347125,0.7457379957347126,0.8561117936117936,0.7561117936117936
0.1,fixed,10,100,34,0.8467660612785661,0.7467660612785662,0.8540386977886978,0.7540386977886978
0.1,fixed,10,100,35,0.852000487020364,0.752000487020364,0.8530405405405406,0.7530405405405406
0.1,fixed,10,100,36,0.8470116204459033,0.7470116204459033,0.8533476658476659,0.7533476658476659
0.1,fixed,10,100,37,0.8370715504187355,0.7370715504187355,0.8566492628992629,0.7566492628992629
0.1,fixed,10,100,38,0.8496341731957686,0.7496341731957686,0.855267199017199,0.7552671990171991
0.1,fixed,10,100,39,0.8402877488235296,0.7402877488235297,0.8541154791154791,0.7541154791154792
0.1,fixed,10,100,40,0.8455165049179082,0.7455165049179082,0.8568028255528255,0.7568028255528255
0.1,fixed,10,100,41,0.853285276032961,0.753285276032961,0.8539619164619164,0.7539619164619165
0.1,fixed,10,100,42,0.8454083024168304,0.7454083024168304,0.8537315724815725,0.7537315724815725
0.1,fixed,10,100,43,0.8454353198999345,0.7454353198999345,0.8533476658476659,0.7533476658476659
0.1,fixed,10,100,44,0.8465457811392757,0.7465457811392757,0.8523495085995086,0.7523495085995087
0.1,fixed,10,100,45,0.8460268387039113,0.7460268387039113,0.8518120393120393,0.7518120393120393
0.1,fixed,10,100,46,0.8481387935174965,0.7481387935174966,0.851044226044226,0.751044226044226
0.1,fixed,10,100,47,0.8412366040355495,0.7412366040355495,0.8525798525798526,0.7525798525798526
0.1,fixed,10,100,48,0.8499875020398222,0.7499875020398222,0.8547297297297297,0.7547297297297297
0.1,fixed,10,100,49,0.8426703700372463,0.7426703700372463,0.8551136363636364,0.7551136363636364
0.1,fixed,10,100,50,0.8453727567007525,0.7453727567007525,0.8546529484029484,0.7546529484029484
0.1,fixed,10,100,51,0.84651631335717,0.7465163133571701,0.8573402948402948,0.7573402948402949
0.1,fixed,10,100,52,0.8523639466927228,0.7523639466927228,0.8540386977886978,0.7540386977886978
0.1,fixed,10,100,53,0.8473471125542986,0.7473471125542986,0.855958230958231,0.755958230958231
0.1,fixed,10,100,54,0.8416582482964046,0.7416582482964046,0.8544993857493858,0.7544993857493858
0.1,fixed,10,100,55,0.8504469101950756,0.7504469101950756,0.8549600737100738,0.7549600737100738
0.1,fixed,10,100,56,0.8480740461144683,0.7480740461144684,0.8560350122850123,0.7560350122850124
0.1,fixed,10,100,57,0.8445331006799753,0.7445331006799754,0.8546529484029484,0.7546529484029484
0.1,fixed,10,100,58,0.8428769593519242,0.7428769593519242,0.8554207616707616,0.7554207616707617
0.1,fixed,10,100,59,0.8437387680510683,0.7437387680510683,0.855497542997543,0.755497542997543
0.1,fixed,10,100,60,0.844790254818196,0.744790254818196,0.8501996314496314,0.7501996314496314
0.1,fixed,10,100,61,0.8478356367326589,0.747835636732659,0.8547297297297297,0.7547297297297297
0.1,fixed,10,100,62,0.8400843552800435,0.7400843552800436,0.8537315724815725,0.7537315724815725
0.1,fixed,10,100,63,0.84707108017421,0.74707108017421,0.8544993857493858,0.7544993857493858
0.1,fixed,10,100,64,0.8428793431674703,0.7428793431674703,0.8546529484029484,0.7546529484029484
0.1,fixed,10,100,65,0.8552156287060299,0.7552156287060299,0.8569563882063882,0.7569563882063882
0.1,fixed,10,100,66,0.8472962583113273,0.7472962583113273,0.8561117936117936,0.7561117936117936
0.1,fixed,10,100,67,0.8445695013987085,0.7445695013987085,0.8535012285012284,0.7535012285012285
0.1,fixed,10,100,68,0.8483474674671163,0.7483474674671163,0.8551136363636364,0.7551136363636364
0.1,fixed,10,100,69,0.8461317969150552,0.7461317969150553,0.8563421375921376,0.7563421375921376
0.1,fixed,10,100,70,0.8417875484707935,0.7417875484707935,0.8551136363636364,0.7551136363636364
0.1,fixed,10,100,71,0.8510159663033505,0.7510159663033505,0.8532708845208845,0.7532708845208845
0.1,fixed,10,100,72,0.8412000211171784,0.7412000211171784,0.8571099508599509,0.7571099508599509
0.1,fixed,10,100,73,0.8439428857296795,0.7439428857296795,0.8488943488943489,0.7488943488943489
0.1,fixed,10,100,74,0.8440563638315967,0.7440563638315967,0.8555743243243243,0.7555743243243244
0.1,fixed,10,100,75,0.8511067606086609,0.7511067606086609,0.855036855036855,0.755036855036855
0.1,fixed,10,100,76,0.8456368359441933,0.7456368359441933,0.855497542997543,0.755497542997543
0.1,fixed,10,100,77,0.8407994751839891,0.7407994751839891,0.8532708845208845,0.7532708845208845
0.1,fixed,10,100,78,0.849392252930817,0.749392252930817,0.8523495085995086,0.7523495085995087
0.1,fixed,10,100,79,0.8499808671056177,0.7499808671056177,0.8548832923832924,0.7548832923832924
0.1,fixed,10,100,80,0.8446263830391469,0.744626383039147,0.8537315724815725,0.7537315724815725
0.1,fixed,10,100,81,0.8471059478776115,0.7471059478776115,0.8549600737100738,0.7549600737100738
0.1,fixed,10,100,82,0.8438048699613416,0.7438048699613417,0.856418918918919,0.756418918918919
0.1,fixed,10,100,83,0.8486328529782835,0.7486328529782835,0.8555743243243243,0.7555743243243244
0.1,fixed,10,100,84,0.8420852735529294,0.7420852735529294,0.8518888206388207,0.7518888206388207
0.1,fixed,10,100,85,0.8436062526641094,0.7436062526641094,0.8565724815724816,0.7565724815724816
0.1,fixed,10,100,86,0.844790254818196,0.744790254818196,0.8501996314496314,0.7501996314496314
0.1,fixed,10,100,87,0.8495711265583525,0.7495711265583526,0.8529637592137592,0.7529637592137592
0.1,fixed,10,100,88,0.8496745106228649,0.7496745106228649,0.8555743243243243,0.7555743243243244
0.1,fixed,10,100,89,0.8476267446663984,0.7476267446663984,0.8567260442260443,0.7567260442260443
0.1,fixed,10,100,90,0.8455177411947915,0.7455177411947915,0.8528869778869779,0.7528869778869779
0.1,fixed,10,100,91,0.8441916353334069,0.7441916353334069,0.855958230958231,0.755958230958231
0.1,fixed,10,100,92,0.8473876448400264,0.7473876448400264,0.8563421375921376,0.7563421375921376
0.1,fixed,10,100,93,0.8443148807733147,0.7443148807733148,0.8553439803439803,0.7553439803439803
0.1,fixed,10,100,94,0.8541079211049736,0.7541079211049736,0.8518120393120393,0.7518120393120393
0.1,fixed,10,100,95,0.8436873839278111,0.7436873839278111,0.8533476658476659,0.7533476658476659
0.1,fixed,10,100,96,0.8487015133060786,0.7487015133060786,0.8546529484029484,0.7546529484029484
0.1,fixed,10,100,97,0.8488901161764846,0.7488901161764846,0.8558046683046683,0.7558046683046683
0.1,fixed,10,100,98,0.8505320310237667,0.7505320310237668,0.8565724815724816,0.7565724815724816
0.1,fixed,10,100,99,0.8456454070625965,0.7456454070625965,0.8521959459459459,0.752195945945946
0.1,fixed,10,100,100,0.8421380024349195,0.7421380024349196,0.8560350122850123,0.7560350122850124
0.1,fixed,20,100,1,0.8428600176391765,0.7428600176391765,0.859259828009828,0.759259828009828
0.1,fixed,20,100,2,0.8498220214718961,0.7498220214718961,0.858338452088452,0.7583384520884521
0.1,fixed,20,100,3,0.8493587683871745,0.7493587683871745,0.8603347665847666,0.7603347665847666
0.1,fixed,20,100,4,0.8482110331037748,0.7482110331037748,0.8568028255528255,0.7568028255528255
0.1,fixed,20,100,5,0.8483214933617307,0.7483214933617307,0.8566492628992629,0.7566492628992629
0.1,fixed,20,100,6,0.8492513073719279,0.7492513073719279,0.8587223587223587,0.7587223587223587
0.1,fixed,20,100,7,0.8460619895119639,0.7460619895119639,0.8594133906633906,0.7594133906633906
0.1,fixed,20,100,8,0.8438475021668702,0.7438475021668702,0.8594133906633906,0.7594133906633906
0.1,fixed,20,100,9,0.8418686917201172,0.7418686917201173,0.8531941031941032,0.7531941031941032
0.1,fixed,20,100,10,0.8493854033645514,0.7493854033645514,0.8566492628992629,0.7566492628992629
0.1,fixed,20,100,11,0.8509758611125983,0.7509758611125983,0.8585687960687961,0.7585687960687961
0.1,fixed,20,100,12,0.8475339668193996,0.7475339668193997,0.8586455773955773,0.7586455773955774
0.1,fixed,20,100,13,0.8495708118718788,0.7495708118718788,0.8611025798525799,0.7611025798525799
0.1,fixed,20,100,14,0.8532568098837017,0.7532568098837017,0.8578009828009828,0.7578009828009828
0.1,fixed,20,100,15,0.8521744536653044,0.7521744536653044,0.8580313267813268,0.7580313267813268
0.1,fixed,20,100,16,0.8545212511860505,0.7545212511860505,0.8595669533169533,0.7595669533169533
0.1,fixed,20,100,17,0.8439354022724171,0.7439354022724172,0.859029484029484,0.759029484029484
0.1,fixed,20,100,18,0.842056715694818,0.742056715694818,0.8551904176904177,0.7551904176904177
0.1,fixed,20,100,19,0.8494890797551478,0.7494890797551478,0.8596437346437347,0.7596437346437347
0.1,fixed,20,100,20,0.8502886492702286,0.7502886492702286,0.8566492628992629,0.7566492628992629
0.1,fixed,20,100,21,0.8495320534680042,0.7495320534680042,0.8544226044226044,0.7544226044226044
0.1,fixed,20,100,22,0.8483136651478612,0.7483136651478612,0.8628685503685504,0.7628685503685504
0.1,fixed,20,100,23,0.8520351983107084,0.7520351983107084,0.8603347665847666,0.7603347665847666
0.1,fixed,20,100,24,0.8479182799501642,0.7479182799501642,0.8588759213759214,0.7588759213759214
0.1,fixed,20,100,25,0.8431805136911312,0.7431805136911313,0.8593366093366094,0.7593366093366094
0.1,fixed,20,100,26,0.8433603251001244,0.7433603251001244,0.8553439803439803,0.7553439803439803
0.1,fixed,20,100,27,0.8407555336506063,0.7407555336506063,0.8577242014742015,0.7577242014742015
0.1,fixed,20,100,28,0.8482256390324755,0.7482256390324755,0.8617168304668305,0.7617168304668305
0.1,fixed,20,100,29,0.8487049445902,0.7487049445902,0.8582616707616708,0.7582616707616708
0.1,fixed,20,100,30,0.8479182799501642,0.7479182799501642,0.8588759213759214,0.7588759213759214
0.1,fixed,20,100,31,0.8483458108658591,0.7483458108658592,0.860411547911548,0.760411547911548
0.1,fixed,20,100,32,0.8507997219901559,0.7507997219901559,0.8593366093366094,0.7593366093366094
0.1,fixed,20,100,33,0.8466544000639551,0.7466544000639551,0.8617168304668305,0.7617168304668305
0.1,fixed,20,100,34,0.8520673436632549,0.7520673436632549,0.8574938574938575,0.7574938574938576
0.1,fixed,20,100,35,0.8490842812792402,0.7490842812792402,0.8575706388206388,0.7575706388206388
0.1,fixed,20,100,36,0.8421725343157878,0.7421725343157878,0.8584920147420148,0.7584920147420148
0.1,fixed,20,100,37,0.8495630867211763,0.7495630867211763,0.856418918918919,0.756418918918919
0.1,fixed,20,100,38,0.8511573600844172,0.7511573600844172,0.8593366093366094,0.7593366093366094
0.1,fixed,20,100,39,0.8481620941815511,0.7481620941815511,0.8579545454545454,0.7579545454545454
0.1,fixed,20,100,40,0.8483896647278631,0.7483896647278632,0.8560350122850123,0.7560350122850124
0.1,fixed,20,100,41,0.8431255697001482,0.7431255697001482,0.8577242014742015,0.7577242014742015
0.1,fixed,20,100,42,0.8468920432949038,0.7468920432949038,0.8584920147420148,0.7584920147420148
0.1,fixed,20,100,43,0.8393261384182071,0.7393261384182072,0.8577242014742015,0.7577242014742015
0.1,fixed,20,100,44,0.8471747864371986,0.7471747864371986,0.855036855036855,0.755036855036855
0.1,fixed,20,100,45,0.8480794946882609,0.748079494688261,0.8566492628992629,0.7566492628992629
0.1,fixed,20,100,46,0.8441152259940218,0.7441152259940218,0.8544993857493858,0.7544993857493858
0.1,fixed,20,100,47,0.8479950216923314,0.7479950216923315,0.8576474201474201,0.7576474201474201
0.1,fixed,20,100,48,0.8516380933587054,0.7516380933587055,0.8577242014742015,0.7577242014742015
0.1,fixed,20,100,49,0.8499468539361102,0.7499468539361103,0.8558046683046683,0.7558046683046683
0.1,fixed,20,100,50,0.8489434950643855,0.7489434950643855,0.855958230958231,0.755958230958231
0.1,fixed,20,100,51,0.8407705587701434,0.7407705587701434,0.8598740786240786,0.7598740786240786
0.1,fixed,20,100,52,0.8461246158517308,0.7461246158517308,0.855958230958231,0.755958230958231
0.1,fixed,20,100,53,0.8506110338262818,0.7506110338262818,0.8528869778869779,0.7528869778869779
0.1,fixed,20,100,54,0.842056715694818,0.742056715694818,0.8551904176904177,0.7551904176904177
0.1,fixed,20,100,55,0.8478754470732482,0.7478754470732483,0.8558046683046683,0.7558046683046683
0.1,fixed,20,100,56,0.8397080798245878,0.7397080798245879,0.8569563882063882,0.7569563882063882
0.1,fixed,20,100,57,0.8481991424537404,0.7481991424537404,0.855958230958231,0.755958230958231
0.1,fixed,20,100,58,0.8540013499246489,0.754001349924649,0.8574170761670762,0.7574170761670762
0.1,fixed,20,100,59,0.8439099564322018,0.7439099564322018,0.8543458230958231,0.7543458230958231
0.1,fixed,20,100,60,0.8527241536494167,0.7527241536494167,0.8543458230958231,0.7543458230958231
0.1,fixed,20,100,61,0.8500275482403284,0.7500275482403285,0.8602579852579852,0.7602579852579853
0.1,fixed,20,100,62,0.8482356865519126,0.7482356865519126,0.859259828009828,0.759259828009828
0.1,fixed,20,100,63,0.8448339469142824,0.7448339469142824,0.85995085995086,0.75995085995086
0.1,fixed,20,100,64,0.8491915556595682,0.7491915556595682,0.8619471744471745,0.7619471744471745
0.1,fixed,20,100,65,0.8464012361458966,0.7464012361458966,0.8571099508599509,0.7571099508599509
0.1,fixed,20,100,66,0.8423333460750866,0.7423333460750866,0.8572635135135135,0.7572635135135135
0.1,fixed,20,100,67,0.849300291500202,0.749300291500202,0.8605651105651105,0.7605651105651106
0.1,fixed,20,100,68,0.8450821033710465,0.7450821033710465,0.8571099508599509,0.7571099508599509
0.1,fixed,20,100,69,0.8464881274012976,0.7464881274012977,0.856418918918919,0.756418918918919
0.1,fixed,20,100,70,0.838551265972471,0.738551265972471,0.8575706388206388,0.7575706388206388
0.1,fixed,20,100,71,0.8488717857784728,0.7488717857784728,0.8566492628992629,0.7566492628992629
0.1,fixed,20,100,72,0.8439613157082217,0.7439613157082218,0.8593366093366094,0.7593366093366094
0.1,fixed,20,100,73,0.8439354022724171,0.7439354022724172,0.859029484029484,0.759029484029484
0.1,fixed,20,100,74,0.855672395757226,0.755672395757226,0.8601044226044227,0.7601044226044227
0.1,fixed,20,100,75,0.847341460990276,0.747341460990276,0.8578777641277642,0.7578777641277642
0.1,fixed,20,100,76,0.8494030561269799,0.7494030561269799,0.8571867321867321,0.7571867321867322
0.1,fixed,20,100,77,0.8512794766213552,0.7512794766213552,0.859029484029484,0.759029484029484
0.1,fixed,20,100,78,0.8438282994313794,0.7438282994313794,0.859029484029484,0.759029484029484
0.1,fixed,20,100,79,0.8480192664605222,0.7480192664605222,0.8585687960687961,0.7585687960687961
0.1,fixed,20,100,80,0.8521750878823743,0.7521750878823743,0.8585687960687961,0.7585687960687961
0.1,fixed,20,100,81,0.850182981951116,0.750182981951116,0.8601044226044227,0.7601044226044227
0.1,fixed,20,100,82,0.8516987516957437,0.7516987516957437,0.859720515970516,0.759720515970516
0.1,fixed,20,100,83,0.8444278433009234,0.7444278433009234,0.8549600737100738,0.7549600737100738
0.1,fixed,20,100,84,0.8523585840101043,0.7523585840101044,0.8574170761670762,0.7574170761670762
0.1,fixed,20,100,85,0.8473257481885761,0.7473257481885761,0.8589527027027027,0.7589527027027028
0.1,fixed,20,100,86,0.8527241536494167,0.7527241536494167,0.8543458230958231,0.7543458230958231
0.1,fixed,20,100,87,0.8432108033208795,0.7432108033208795,0.855958230958231,0.755958230958231
0.1,fixed,20,100,88,0.8439702900722003,0.7439702900722003,0.8587223587223587,0.7587223587223587
0.1,fixed,20,100,89,0.8495320534680042,0.7495320534680042,0.8544226044226044,0.7544226044226044
0.1,fixed,20,100,90,0.8423853066181117,0.7423853066181118,0.8581081081081081,0.7581081081081081
0.1,fixed,20,100,91,0.8467838421996053,0.7467838421996054,0.8587223587223587,0.7587223587223587
0.1,fixed,20,100,92,0.8440365668762112,0.7440365668762112,0.859490171990172,0.759490171990172
0.1,fixed,20,100,93,0.8477516317663403,0.7477516317663403,0.8601044226044227,0.7601044226044227
0.1,fixed,20,100,94,0.8497746954539549,0.7497746954539549,0.8614864864864865,0.7614864864864865
0.1,fixed,20,100,95,0.8474710014720678,0.7474710014720678,0.8574938574938575,0.7574938574938576
0.1,fixed,20,100,96,0.8543907828774064,0.7543907828774065,0.8556511056511057,0.7556511056511057
0.1,fixed,20,100,97,0.8539772155709636,0.7539772155709636,0.8568796068796068,0.7568796068796069
0.1,fixed,20,100,98,0.8501002883441402,0.7501002883441402,0.8587223587223587,0.7587223587223587
0.1,fixed,20,100,99,0.846141330498026,0.746141330498026,0.8568028255528255,0.7568028255528255
0.1,fixed,20,100,100,0.8526965449136578,0.7526965449136578,0.8586455773955773,0.7586455773955774
0.1,fixed,30,100,1,0.8400834199610592,0.7400834199610592,0.8582616707616708,0.7582616707616708
0.1,fixed,30,100,2,0.8465565065956551,0.7465565065956551,0.8586455773955773,0.7586455773955774
0.1,fixed,30,100,3,0.8505023711814511,0.7505023711814511,0.8595669533169533,0.7595669533169533
0.1,fixed,30,100,4,0.8529783039191847,0.7529783039191847,0.8568028255528255,0.7568028255528255
0.1,fixed,30,100,5,0.8470043282414986,0.7470043282414986,0.8607186732186732,0.7607186732186733
0.1,fixed,30,100,6,0.8538344592131064,0.7538344592131064,0.856418918918919,0.756418918918919
0.1,fixed,30,100,7,0.8483220904841948,0.7483220904841948,0.8572635135135135,0.7572635135135135
0.1,fixed,30,100,8,0.8443278464197959,0.7443278464197959,0.8602579852579852,0.7602579852579853
0.1,fixed,30,100,9,0.8459705981041347,0.7459705981041347,0.8573402948402948,0.7573402948402949
0.1,fixed,30,100,10,0.8518011001436251,0.7518011001436251,0.860411547911548,0.760411547911548
0.1,fixed,30,100,11,0.8474903317497436,0.7474903317497437,0.8584152334152334,0.7584152334152334
0.1,fixed,30,100,12,0.8463067190355817,0.7463067190355818,0.8584152334152334,0.7584152334152334
0.1,fixed,30,100,13,0.8476585511144379,0.7476585511144379,0.8619471744471745,0.7619471744471745
0.1,fixed,30,100,14,0.8501446769574625,0.7501446769574626,0.8585687960687961,0.7585687960687961
0.1,fixed,30,100,15,0.8462188976450412,0.7462188976450412,0.8601044226044227,0.7601044226044227
0.1,fixed,30,100,16,0.8539466294811333,0.7539466294811333,0.8625614250614251,0.7625614250614251
0.1,fixed,30,100,17,0.8592471539135986,0.7592471539135986,0.8573402948402948,0.7573402948402949
0.1,fixed,30,100,18,0.8463064554847247,0.7463064554847247,0.8574938574938575,0.7574938574938576
0.1,fixed,30,100,19,0.8456328086432792,0.7456328086432792,0.8595669533169533,0.7595669533169533
0.1,fixed,30,100,20,0.8495875667906961,0.7495875667906962,0.8570331695331695,0.7570331695331696
0.1,fixed,30,100,21,0.8523520001230223,0.7523520001230223,0.855958230958231,0.755958230958231
0.1,fixed,30,100,22,0.8397201182287686,0.7397201182287686,0.8617168304668305,0.7617168304668305
0.1,fixed,30,100,23,0.846291841592434,0.746291841592434,0.8573402948402948,0.7573402948402949
0.1,fixed,30,100,24,0.8468540572794051,0.7468540572794051,0.858338452088452,0.7583384520884521
0.1,fixed,30,100,25,0.8477813758209625,0.7477813758209625,0.8615632678132679,0.7615632678132679
0.1,fixed,30,100,26,0.8477132852192268,0.7477132852192269,0.8565724815724816,0.7565724815724816
0.1,fixed,30,100,27,0.8477614918115705,0.7477614918115705,0.8557278869778869,0.755727886977887
0.1,fixed,30,100,28,0.8484643069247437,0.7484643069247437,0.85879914004914,0.7587991400491401
0.1,fixed,30,100,29,0.8502188872945973,0.7502188872945973,0.8574170761670762,0.7574170761670762
0.1,fixed,30,100,30,0.8468540572794051,0.7468540572794051,0.858338452088452,0.7583384520884521
0.1,fixed,30,100,31,0.8440187521348691,0.7440187521348691,0.8574170761670762,0.7574170761670762
0.1,fixed,30,100,32,0.8467971636504305,0.7467971636504305,0.8637899262899262,0.7637899262899263
0.1,fixed,30,100,33,0.8486515849094243,0.7486515849094243,0.8589527027027027,0.7589527027027028
0.1,fixed,30,100,34,0.8477001779570401,0.7477001779570401,0.8580313267813268,0.7580313267813268
0.1,fixed,30,100,35,0.8540905860346757,0.7540905860346757,0.85879914004914,0.7587991400491401
0.1,fixed,30,100,36,0.8497411391088623,0.7497411391088623,0.8573402948402948,0.7573402948402949
0.1,fixed,30,100,37,0.8475822036126861,0.7475822036126861,0.8585687960687961,0.7585687960687961
0.1,fixed,30,100,38,0.8440126861774457,0.7440126861774458,0.8601812039312039,0.7601812039312039
0.1,fixed,30,100,39,0.8523396660940856,0.7523396660940856,0.8618703931203932,0.7618703931203932
0.1,fixed,30,100,40,0.8480454591490239,0.7480454591490239,0.8589527027027027,0.7589527027027028
0.1,fixed,30,100,41,0.8544443678714378,0.7544443678714379,0.860411547911548,0.760411547911548
0.1,fixed,30,100,42,0.8459403396639741,0.7459403396639741,0.8594133906633906,0.7594133906633906
0.1,fixed,30,100,43,0.8442273803414754,0.7442273803414754,0.860411547911548,0.760411547911548
0.1,fixed,30,100,44,0.8512095365414565,0.7512095365414565,0.8619471744471745,0.7619471744471745
0.1,fixed,30,100,45,0.8514962054474843,0.7514962054474843,0.8604883292383292,0.7604883292383292
0.1,fixed,30,100,46,0.8447092577093245,0.7447092577093245,0.8564957002457002,0.7564957002457002
0.1,fixed,30,100,47,0.8444849585713577,0.7444849585713578,0.858338452088452,0.7583384520884521
0.1,fixed,30,100,48,0.8414724629882557,0.7414724629882558,0.8593366093366094,0.7593366093366094
0.1,fixed,30,100,49,0.8509751274511896,0.7509751274511897,0.8581848894348895,0.7581848894348895
0.1,fixed,30,100,50,0.8435464233057042,0.7435464233057042,0.8584920147420148,0.7584920147420148
0.1,fixed,30,100,51,0.8507771101770253,0.7507771101770253,0.8598740786240786,0.7598740786240786
0.1,fixed,30,100,52,0.8460622378518943,0.7460622378518943,0.8575706388206388,0.7575706388206388
0.1,fixed,30,100,53,0.845738809498071,0.745738809498071,0.8577242014742015,0.7577242014742015
0.1,fixed,30,100,54,0.8463064554847247,0.7463064554847247,0.8574938574938575,0.7574938574938576
0.1,fixed,30,100,55,0.8506652692660526,0.7506652692660526,0.8580313267813268,0.7580313267813268
0.1,fixed,30,100,56,0.8540663375357161,0.7540663375357162,0.8568028255528255,0.7568028255528255
0.1,fixed,30,100,57,0.8481344705443031,0.7481344705443032,0.8579545454545454,0.7579545454545454
0.1,fixed,30,100,58,0.8444999144218701,0.7444999144218701,0.8585687960687961,0.7585687960687961
0.1,fixed,30,100,59,0.8501859735054119,0.7501859735054119,0.8603347665847666,0.7603347665847666
0.1,fixed,30,100,60,0.8484152736823781,0.7484152736823781,0.8548065110565111,0.7548065110565111
0.1,fixed,30,100,61,0.8502245023172178,0.7502245023172178,0.8587223587223587,0.7587223587223587
0.1,fixed,30,100,62,0.851383224170919,0.7513832241709191,0.8586455773955773,0.7586455773955774
0.1,fixed,30,100,63,0.8467200832617574,0.7467200832617574,0.8601812039312039,0.7601812039312039
0.1,fixed,30,100,64,0.8481484663271954,0.7481484663271954,0.859259828009828,0.759259828009828
0.1,fixed,30,100,65,0.8521407093531853,0.7521407093531853,0.8575706388206388,0.7575706388206388
0.1,fixed,30,100,66,0.8535305964445254,0.7535305964445255,0.859259828009828,0.759259828009828
0.1,fixed,30,100,67,0.8427672862822342,0.7427672862822342,0.8569563882063882,0.7569563882063882
0.1,fixed,30,100,68,0.844351731027507,0.7443517310275071,0.8596437346437347,0.7596437346437347
0.1,fixed,30,100,69,0.8501377954645848,0.7501377954645848,0.8576474201474201,0.7576474201474201
0.1,fixed,30,100,70,0.8455103519059216,0.7455103519059216,0.8562653562653563,0.7562653562653563
0.1,fixed,30,100,71,0.8523417194657515,0.7523417194657516,0.8584920147420148,0.7584920147420148
0.1,fixed,30,100,72,0.842128193904665,0.742128193904665,0.8615632678132679,0.7615632678132679
0.1,fixed,30,100,73,0.8592471539135986,0.7592471539135986,0.8573402948402948,0.7573402948402949
0.1,fixed,30,100,74,0.850858522873385,0.7508585228733851,0.8570331695331695,0.7570331695331696
0.1,fixed,30,100,75,0.8477947938279875,0.7477947938279875,0.8578777641277642,0.7578777641277642
0.1,fixed,30,100,76,0.8482734301448149,0.748273430144815,0.8607186732186732,0.7607186732186733
0.1,fixed,30,100,77,0.8440640289119421,0.7440640289119421,0.8582616707616708,0.7582616707616708
0.1,fixed,30,100,78,0.8447233770765276,0.7447233770765276,0.8582616707616708,0.7582616707616708
0.1,fixed,30,100,79,0.8481768689303603,0.7481768689303603,0.8607954545454546,0.7607954545454546
0.1,fixed,30,100,80,0.8432591827610665,0.7432591827610665,0.8568028255528255,0.7568028255528255
0.1,fixed,30,100,81,0.8476023656514708,0.7476023656514709,0.859490171990172,0.759490171990172
0.1,fixed,30,100,82,0.8514120618783241,0.7514120618783241,0.8578009828009828,0.7578009828009828
0.1,fixed,30,100,83,0.8552716936292651,0.7552716936292652,0.85879914004914,0.7587991400491401
0.1,fixed,30,100,84,0.8456491121602955,0.7456491121602955,0.8551136363636364,0.7551136363636364
0.1,fixed,30,100,85,0.846960986576916,0.746960986576916,0.8576474201474201,0.7576474201474201
0.1,fixed,30,100,86,0.8484152736823781,0.7484152736823781,0.8548065110565111,0.7548065110565111
0.1,fixed,30,100,87,0.8505380978559351,0.7505380978559352,0.8586455773955773,0.7586455773955774
0.1,fixed,30,100,88,0.8511323738153165,0.7511323738153165,0.85879914004914,0.7587991400491401
0.1,fixed,30,100,89,0.8523520001230223,0.7523520001230223,0.855958230958231,0.755958230958231
0.1,fixed,30,100,90,0.8542725075416857,0.7542725075416857,0.8602579852579852,0.7602579852579853
0.1,fixed,30,100,91,0.8480906857819617,0.7480906857819617,0.8601044226044227,0.7601044226044227
0.1,fixed,30,100,92,0.8556243663226393,0.7556243663226393,0.8622542997542998,0.7622542997542998
0.1,fixed,30,100,93,0.8522034516184817,0.7522034516184817,0.8614864864864865,0.7614864864864865
0.1,fixed,30,100,94,0.8508334514397582,0.7508334514397582,0.859720515970516,0.759720515970516
0.1,fixed,30,100,95,0.8496403561393159,0.7496403561393159,0.859259828009828,0.759259828009828
0.1,fixed,30,100,96,0.8479723563121321,0.7479723563121321,0.859490171990172,0.759490171990172
0.1,fixed,30,100,97,0.8468054114093433,0.7468054114093433,0.8604883292383292,0.7604883292383292
0.1,fixed,30,100,98,0.8450790574401003,0.7450790574401003,0.8603347665847666,0.7603347665847666
0.1,fixed,30,100,99,0.8450298606712554,0.7450298606712554,0.8612561425061425,0.7612561425061425
0.1,fixed,30,100,100,0.8590201045198789,0.7590201045198789,0.8605651105651105,0.7605651105651106
0.1,fixed,40,100,1,0.8513588406437305,0.7513588406437305,0.8584152334152334,0.7584152334152334
0.1,fixed,40,100,2,0.8421734007403482,0.7421734007403482,0.858338452088452,0.7583384520884521
0.1,fixed,40,100,3,0.8431607281999067,0.7431607281999068,0.8618703931203932,0.7618703931203932
0.1,fixed,40,100,4,0.849581590158208,0.749581590158208,0.8587223587223587,0.7587223587223587
0.1,fixed,40,100,5,0.8483718415385655,0.7483718415385655,0.8596437346437347,0.7596437346437347
0.1,fixed,40,100,6,0.8462406353118658,0.7462406353118658,0.8582616707616708,0.7582616707616708
0.1,fixed,40,100,7,0.8444330678408332,0.7444330678408332,0.8568796068796068,0.7568796068796069
0.1,fixed,40,100,8,0.8570791387467274,0.7570791387467274,0.8571867321867321,0.7571867321867322
0.1,fixed,40,100,9,0.84884858624059,0.74884858624059,0.859259828009828,0.759259828009828
0.1,fixed,40,100,10,0.8519565740272366,0.7519565740272366,0.8572635135135135,0.7572635135135135
0.1,fixed,40,100,11,0.8576024703523898,0.7576024703523898,0.85879914004914,0.7587991400491401
0.1,fixed,40,100,12,0.8454005791466855,0.7454005791466856,0.8567260442260443,0.7567260442260443
0.1,fixed,40,100,13,0.852316949656235,0.752316949656235,0.8613329238329238,0.7613329238329238
0.1,fixed,40,100,14,0.8514602823763125,0.7514602823763126,0.8614864864864865,0.7614864864864865
0.1,fixed,40,100,15,0.8485344629913948,0.7485344629913948,0.8601044226044227,0.7601044226044227
0.1,fixed,40,100,16,0.8536095684765529,0.7536095684765529,0.8639434889434889,0.763943488943489
0.1,fixed,40,100,17,0.8484106497908093,0.7484106497908093,0.8581081081081081,0.7581081081081081
0.1,fixed,40,100,18,0.8523574746801889,0.7523574746801889,0.8586455773955773,0.7586455773955774
0.1,fixed,40,100,19,0.8476735210895008,0.7476735210895008,0.8571867321867321,0.7571867321867322
0.1,fixed,40,100,20,0.8543784151747833,0.7543784151747833,0.85879914004914,0.7587991400491401
0.1,fixed,40,100,21,0.8574494922076876,0.7574494922076876,0.8596437346437347,0.7596437346437347
0.1,fixed,40,100,22,0.8510723457881872,0.7510723457881873,0.8597972972972973,0.7597972972972973
0.1,fixed,40,100,23,0.8477194525951894,0.7477194525951895,0.8597972972972973,0.7597972972972973
0.1,fixed,40,100,24,0.8526352016027609,0.7526352016027609,0.8589527027027027,0.7589527027027028
0.1,fixed,40,100,25,0.8433385221075167,0.7433385221075167,0.8604883292383292,0.7604883292383292
0.1,fixed,40,100,26,0.8438245956934562,0.7438245956934563,0.8586455773955773,0.7586455773955774
0.1,fixed,40,100,27,0.8522279612676786,0.7522279612676787,0.8591062653562653,0.7591062653562654
0.1,fixed,40,100,28,0.8513512344457324,0.7513512344457324,0.8581848894348895,0.7581848894348895
0.1,fixed,40,100,29,0.8508537244507629,0.7508537244507629,0.8558046683046683,0.7558046683046683
0.1,fixed,40,100,30,0.8526352016027609,0.7526352016027609,0.8589527027027027,0.7589527027027028
0.1,fixed,40,100,31,0.8490833784285844,0.7490833784285844,0.8594133906633906,0.7594133906633906
0.1,fixed,40,100,32,0.8520381564690529,0.7520381564690529,0.8616400491400491,0.7616400491400491
0.1,fixed,40,100,33,0.850651625196312,0.750651625196312,0.858338452088452,0.7583384520884521
0.1,fixed,40,100,34,0.8476974402276479,0.747697440227648,0.8582616707616708,0.7582616707616708
0.1,fixed,40,100,35,0.856577712472561,0.756577712472561,0.8606418918918919,0.7606418918918919
0.1,fixed,40,100,36,0.8493334527760641,0.7493334527760641,0.8618703931203932,0.7618703931203932
0.1,fixed,40,100,37,0.8443524991084925,0.7443524991084925,0.8588759213759214,0.7588759213759214
0.1,fixed,40,100,38,0.8525787517379114,0.7525787517379114,0.8594133906633906,0.7594133906633906
0.1,fixed,40,100,39,0.8480453246482758,0.7480453246482758,0.8576474201474201,0.7576474201474201
0.1,fixed,40,100,40,0.8482386672303369,0.7482386672303369,0.8616400491400491,0.7616400491400491
0.1,fixed,40,100,41,0.8531615408682598,0.7531615408682598,0.8586455773955773,0.7586455773955774
0.1,fixed,40,100,42,0.852343161566703,0.752343161566703,0.8586455773955773,0.7586455773955774
0.1,fixed,40,100,43,0.8524155546804777,0.7524155546804777,0.8601044226044227,0.7601044226044227
0.1,fixed,40,100,44,0.8484337837577013,0.7484337837577013,0.859490171990172,0.759490171990172
0.1,fixed,40,100,45,0.8512614681444222,0.7512614681444222,0.8579545454545454,0.7579545454545454
0.1,fixed,40,100,46,0.8472236749254194,0.7472236749254194,0.8579545454545454,0.7579545454545454
0.1,fixed,40,100,47,0.8489468911415163,0.7489468911415164,0.8593366093366094,0.7593366093366094
0.1,fixed,40,100,48,0.8537616591243377,0.7537616591243377,0.8607186732186732,0.7607186732186733
0.1,fixed,40,100,49,0.8505886937550466,0.7505886937550467,0.85995085995086,0.75995085995086
0.1,fixed,40,100,50,0.8542205015931316,0.7542205015931316,0.8617168304668305,0.7617168304668305
0.1,fixed,40,100,51,0.8514790977135303,0.7514790977135303,0.859720515970516,0.759720515970516
0.1,fixed,40,100,52,0.8424830662543593,0.7424830662543593,0.85879914004914,0.7587991400491401
0.1,fixed,40,100,53,0.8524770738257936,0.7524770738257937,0.8589527027027027,0.7589527027027028
0.1,fixed,40,100,54,0.8523574746801889,0.7523574746801889,0.8586455773955773,0.7586455773955774
0.1,fixed,40,100,55,0.8489540581487672,0.7489540581487673,0.8611025798525799,0.7611025798525799
0.1,fixed,40,100,56,0.8491519394409698,0.7491519394409698,0.855958230958231,0.755958230958231
0.1,fixed,40,100,57,0.846054455372975,0.746054455372975,0.8567260442260443,0.7567260442260443
0.1,fixed,40,100,58,0.8472956298624126,0.7472956298624126,0.85995085995086,0.75995085995086
0.1,fixed,40,100,59,0.8495050697593709,0.7495050697593709,0.8576474201474201,0.7576474201474201
0.1,fixed,40,100,60,0.8454965452522032,0.7454965452522032,0.8576474201474201,0.7576474201474201
0.1,fixed,40,100,61,0.852003285812146,0.752003285812146,0.858338452088452,0.7583384520884521
0.1,fixed,40,100,62,0.8475564378060464,0.7475564378060464,0.8594133906633906,0.7594133906633906
0.1,fixed,40,100,63,0.8496269714156737,0.7496269714156737,0.85879914004914,0.7587991400491401
0.1,fixed,40,100,64,0.8611303479728645,0.7611303479728645,0.8612561425061425,0.7612561425061425
0.1,fixed,40,100,65,0.852455081906116,0.752455081906116,0.8582616707616708,0.7582616707616708
0.1,fixed,40,100,66,0.8502298109011561,0.7502298109011561,0.8571867321867321,0.7571867321867322
0.1,fixed,40,100,67,0.8459515368520985,0.7459515368520985,0.8607954545454546,0.7607954545454546
0.1,fixed,40,100,68,0.8418295274097012,0.7418295274097012,0.8584152334152334,0.7584152334152334
0.1,fixed,40,100,69,0.8536049874832282,0.7536049874832282,0.859490171990172,0.759490171990172
0.1,fixed,40,100,70,0.8492108348302885,0.7492108348302885,0.8568028255528255,0.7568028255528255
0.1,fixed,40,100,71,0.8414369074736197,0.7414369074736197,0.8553439803439803,0.7553439803439803
0.1,fixed,40,100,72,0.8531486825496997,0.7531486825496997,0.8607186732186732,0.7607186732186733
0.1,fixed,40,100,73,0.8484106497908093,0.7484106497908093,0.8581081081081081,0.7581081081081081
0.1,fixed,40,100,74,0.855934945352736,0.755934945352736,0.8594133906633906,0.7594133906633906
0.1,fixed,40,100,75,0.844820365491213,0.744820365491213,0.85879914004914,0.7587991400491401
0.1,fixed,40,100,76,0.8536924703190508,0.7536924703190508,0.8602579852579852,0.7602579852579853
0.1,fixed,40,100,77,0.8495275175013339,0.749527517501334,0.8580313267813268,0.7580313267813268
0.1,fixed,40,100,78,0.8548886880940736,0.7548886880940736,0.8566492628992629,0.7566492628992629
0.1,fixed,40,100,79,0.8510083545547239,0.7510083545547239,0.8616400491400491,0.7616400491400491
0.1,fixed,40,100,80,0.851780124194625,0.751780124194625,0.8602579852579852,0.7602579852579853
0.1,fixed,40,100,81,0.8521184776474902,0.7521184776474902,0.8619471744471745,0.7619471744471745
0.1,fixed,40,100,82,0.8548045355074994,0.7548045355074994,0.859029484029484,0.759029484029484
0.1,fixed,40,100,83,0.8493271500288015,0.7493271500288016,0.8571099508599509,0.7571099508599509
0.1,fixed,40,100,84,0.8497421767077826,0.7497421767077826,0.8588759213759214,0.7588759213759214
0.1,fixed,40,100,85,0.8506892566077394,0.7506892566077394,0.8579545454545454,0.7579545454545454
0.1,fixed,40,100,86,0.8454965452522032,0.7454965452522032,0.8576474201474201,0.7576474201474201
0.1,fixed,40,100,87,0.8465423860481607,0.7465423860481607,0.8582616707616708,0.7582616707616708
0.1,fixed,40,100,88,0.8555301086441139,0.755530108644114,0.8596437346437347,0.7596437346437347
0.1,fixed,40,100,89,0.8574494922076876,0.7574494922076876,0.8596437346437347,0.7596437346437347
0.1,fixed,40,100,90,0.849741038422493,0.7497410384224931,0.8578009828009828,0.7578009828009828
0.1,fixed,40,100,91,0.8387405948734266,0.7387405948734266,0.8607186732186732,0.7607186732186733
0.1,fixed,40,100,92,0.8508914425415918,0.7508914425415918,0.8607954545454546,0.7607954545454546
0.1,fixed,40,100,93,0.8477285168700551,0.7477285168700551,0.8618703931203932,0.7618703931203932
0.1,fixed,40,100,94,0.8542215782766458,0.7542215782766458,0.8580313267813268,0.7580313267813268
0.1,fixed,40,100,95,0.8475988955960115,0.7475988955960116,0.859259828009828,0.759259828009828
0.1,fixed,40,100,96,0.8476685140312099,0.7476685140312099,0.8571099508599509,0.7571099508599509
0.1,fixed,40,100,97,0.8525885259875225,0.7525885259875226,0.8585687960687961,0.7585687960687961
0.1,fixed,40,100,98,0.8489994365854489,0.7489994365854489,0.8593366093366094,0.7593366093366094
0.1,fixed,40,100,99,0.854377009240532,0.754377009240532,0.8604883292383292,0.7604883292383292
0.1,fixed,40,100,100,0.846809869780735,0.746809869780735,0.8606418918918919,0.7606418918918919
0.1,fixed,50,100,1,0.8526163667503989,0.7526163667503989,0.8588759213759214,0.7588759213759214
0.1,fixed,50,100,2,0.8496574314988713,0.7496574314988713,0.8598740786240786,0.7598740786240786
0.1,fixed,50,100,3,0.844252863176634,0.744252863176634,0.8580313267813268,0.7580313267813268
0.1,fixed,50,100,4,0.8441581740478217,0.7441581740478217,0.8589527027027027,0.7589527027027028
0.1,fixed,50,100,5,0.8549618728641336,0.7549618728641336,0.8596437346437347,0.7596437346437347
0.1,fixed,50,100,6,0.8476688281688375,0.7476688281688375,0.8582616707616708,0.7582616707616708
0.1,fixed,50,100,7,0.8499865731675238,0.7499865731675238,0.8582616707616708,0.7582616707616708
0.1,fixed,50,100,8,0.8446241124479159,0.7446241124479159,0.859259828009828,0.759259828009828
0.1,fixed,50,100,9,0.8579427179495638,0.7579427179495638,0.8593366093366094,0.7593366093366094
0.1,fixed,50,100,10,0.8510080372883944,0.7510080372883944,0.859720515970516,0.759720515970516
0.1,fixed,50,100,11,0.8547281391287023,0.7547281391287023,0.8587223587223587,0.7587223587223587
0.1,fixed,50,100,12,0.8599556196938892,0.7599556196938893,0.8574938574938575,0.7574938574938576
0.1,fixed,50,100,13,0.8516196928140854,0.7516196928140855,0.8619471744471745,0.7619471744471745
0.1,fixed,50,100,14,0.853681869088482,0.753681869088482,0.8605651105651105,0.7605651105651106
0.1,fixed,50,100,15,0.8514314570454389,0.7514314570454389,0.8574170761670762,0.7574170761670762
0.1,fixed,50,100,16,0.8508566731914899,0.75085667319149,0.8625614250614251,0.7625614250614251
0.1,fixed,50,100,17,0.8526084280576463,0.7526084280576463,0.8581081081081081,0.7581081081081081
0.1,fixed,50,100,18,0.8539253054057986,0.7539253054057986,0.8566492628992629,0.7566492628992629
0.1,fixed,50,100,19,0.8524102010054518,0.7524102010054519,0.8591062653562653,0.7591062653562654
0.1,fixed,50,100,20,0.8499162505604025,0.7499162505604026,0.8591830466830467,0.7591830466830467
0.1,fixed,50,100,21,0.8487430010289528,0.7487430010289529,0.859490171990172,0.759490171990172
0.1,fixed,50,100,22,0.8505866372122289,0.750586637212229,0.8576474201474201,0.7576474201474201
0.1,fixed,50,100,23,0.8498456439463272,0.7498456439463272,0.8596437346437347,0.7596437346437347
0.1,fixed,50,100,24,0.8564472384139359,0.7564472384139359,0.859029484029484,0.759029484029484
0.1,fixed,50,100,25,0.8473969840550057,0.7473969840550058,0.8588759213759214,0.7588759213759214
0.1,fixed,50,100,26,0.8522063274639946,0.7522063274639946,0.8576474201474201,0.7576474201474201
0.1,fixed,50,100,27,0.8498378314256748,0.7498378314256748,0.8569563882063882,0.7569563882063882
0.1,fixed,50,100,28,0.8527363962055342,0.7527363962055342,0.8571867321867321,0.7571867321867322
0.1,fixed,50,100,29,0.8451519062970253,0.7451519062970253,0.859259828009828,0.759259828009828
0.1,fixed,50,100,30,0.8564472384139359,0.7564472384139359,0.859029484029484,0.759029484029484
0.1,fixed,50,100,31,0.8557396702004444,0.7557396702004444,0.8574938574938575,0.7574938574938576
0.1,fixed,50,100,32,0.8478967921754119,0.7478967921754119,0.8630988943488943,0.7630988943488943
0.1,fixed,50,100,33,0.8502841385821873,0.7502841385821873,0.860411547911548,0.760411547911548
0.1,fixed,50,100,34,0.8543470311508478,0.7543470311508478,0.8573402948402948,0.7573402948402949
0.1,fixed,50,100,35,0.8514146016034687,0.7514146016034687,0.8603347665847666,0.7603347665847666
0.1,fixed,50,100,36,0.8560321858978909,0.7560321858978909,0.8581081081081081,0.7581081081081081
0.1,fixed,50,100,37,0.849118750454301,0.749118750454301,0.8571099508599509,0.7571099508599509
0.1,fixed,50,100,38,0.8537568899263237,0.7537568899263237,0.8597972972972973,0.7597972972972973
0.1,fixed,50,100,39,0.8504163878622719,0.7504163878622719,0.8569563882063882,0.7569563882063882
0.1,fixed,50,100,40,0.8503402362674003,0.7503402362674003,0.8595669533169533,0.7595669533169533
0.1,fixed,50,100,41,0.8553727294535222,0.7553727294535222,0.8556511056511057,0.7556511056511057
0.1,fixed,50,100,42,0.8575746456378273,0.7575746456378273,0.8574170761670762,0.7574170761670762
0.1,fixed,50,100,43,0.8484374543883799,0.7484374543883799,0.8591830466830467,0.7591830466830467
0.1,fixed,50,100,44,0.8517432268288154,0.7517432268288154,0.8584920147420148,0.7584920147420148
0.1,fixed,50,100,45,0.8466025067798751,0.7466025067798752,0.8579545454545454,0.7579545454545454
0.1,fixed,50,100,46,0.850975173532867,0.750975173532867,0.8576474201474201,0.7576474201474201
0.1,fixed,50,100,47,0.849792029170156,0.749792029170156,0.8618703931203932,0.7618703931203932
0.1,fixed,50,100,48,0.8487335296448169,0.7487335296448169,0.8609490171990172,0.7609490171990172
0.1,fixed,50,100,49,0.8556827248161233,0.7556827248161233,0.859720515970516,0.759720515970516
0.1,fixed,50,100,50,0.8567058183715638,0.7567058183715638,0.8594133906633906,0.7594133906633906
0.1,fixed,50,100,51,0.8538286777038571,0.7538286777038571,0.8602579852579852,0.7602579852579853
0.1,fixed,50,100,52,0.8550595190375182,0.7550595190375182,0.8616400491400491,0.7616400491400491
0.1,fixed,50,100,53,0.8540609351793247,0.7540609351793247,0.8579545454545454,0.7579545454545454
0.1,fixed,50,100,54,0.8539253054057986,0.7539253054057986,0.8566492628992629,0.7566492628992629
0.1,fixed,50,100,55,0.8527621051947173,0.7527621051947173,0.8593366093366094,0.7593366093366094
0.1,fixed,50,100,56,0.8557338206453723,0.7557338206453723,0.8585687960687961,0.7585687960687961
0.1,fixed,50,100,57,0.8496032811069274,0.7496032811069274,0.8584152334152334,0.7584152334152334
0.1,fixed,50,100,58,0.8509284162113943,0.7509284162113943,0.8585687960687961,0.7585687960687961
0.1,fixed,50,100,59,0.8466584666412449,0.7466584666412449,0.8605651105651105,0.7605651105651106
0.1,fixed,50,100,60,0.8491045374028423,0.7491045374028423,0.8540386977886978,0.7540386977886978
0.1,fixed,50,100,61,0.8448224012118797,0.7448224012118797,0.8595669533169533,0.7595669533169533
0.1,fixed,50,100,62,0.8487813763100479,0.7487813763100479,0.8601044226044227,0.7601044226044227
0.1,fixed,50,100,63,0.8500374971573593,0.7500374971573593,0.8580313267813268,0.7580313267813268
0.1,fixed,50,100,64,0.8527250413863106,0.7527250413863106,0.8585687960687961,0.7585687960687961
0.1,fixed,50,100,65,0.8527671656364704,0.7527671656364704,0.855497542997543,0.755497542997543
0.1,fixed,50,100,66,0.8495518012771687,0.7495518012771687,0.859720515970516,0.759720515970516
0.1,fixed,50,100,67,0.847515244391463,0.747515244391463,0.8614864864864865,0.7614864864864865
0.1,fixed,50,100,68,0.8545082831765057,0.7545082831765058,0.8581848894348895,0.7581848894348895
0.1,fixed,50,100,69,0.8587192146192595,0.7587192146192595,0.8578777641277642,0.7578777641277642
0.1,fixed,50,100,70,0.8517303139836775,0.7517303139836775,0.855497542997543,0.755497542997543
0.1,fixed,50,100,71,0.8606465282841755,0.7606465282841756,0.8564957002457002,0.7564957002457002
0.1,fixed,50,100,72,0.8552848140011993,0.7552848140011993,0.8610257985257985,0.7610257985257985
0.1,fixed,50,100,73,0.8526084280576463,0.7526084280576463,0.8581081081081081,0.7581081081081081
0.1,fixed,50,100,74,0.8533603321376761,0.7533603321376762,0.8620239557739557,0.7620239557739558
0.1,fixed,50,100,75,0.849681373050934,0.7496813730509341,0.8593366093366094,0.7593366093366094
0.1,fixed,50,100,76,0.8526043531505703,0.7526043531505703,0.8573402948402948,0.7573402948402949
0.1,fixed,50,100,77,0.8486851180982753,0.7486851180982753,0.8551904176904177,0.7551904176904177
0.1,fixed,50,100,78,0.8500396231173376,0.7500396231173376,0.8582616707616708,0.7582616707616708
0.1,fixed,50,100,79,0.8525788456380671,0.7525788456380671,0.8581081081081081,0.7581081081081081
0.1,fixed,50,100,80,0.8510588423735649,0.7510588423735649,0.859259828009828,0.759259828009828
0.1,fixed,50,100,81,0.8563354967416599,0.7563354967416599,0.8598740786240786,0.7598740786240786
0.1,fixed,50,100,82,0.8478962817811206,0.7478962817811207,0.8581848894348895,0.7581848894348895
0.1,fixed,50,100,83,0.8497694188832274,0.7497694188832275,0.859029484029484,0.759029484029484
0.1,fixed,50,100,84,0.8477023717377813,0.7477023717377813,0.8588759213759214,0.7588759213759214
0.1,fixed,50,100,85,0.8525737769274343,0.7525737769274343,0.8595669533169533,0.7595669533169533
0.1,fixed,50,100,86,0.8491045374028423,0.7491045374028423,0.8540386977886978,0.7540386977886978
0.1,fixed,50,100,87,0.8516734084760565,0.7516734084760566,0.8587223587223587,0.7587223587223587
0.1,fixed,50,100,88,0.8530861238640888,0.7530861238640888,0.8561885749385749,0.7561885749385749
0.1,fixed,50,100,89,0.8487430010289528,0.7487430010289529,0.859490171990172,0.759490171990172
0.1,fixed,50,100,90,0.8489644128098521,0.7489644128098522,0.8577242014742015,0.7577242014742015
0.1,fixed,50,100,91,0.8501631559419693,0.7501631559419694,0.8615632678132679,0.7615632678132679
0.1,fixed,50,100,92,0.8543957551305047,0.7543957551305047,0.8612561425061425,0.7612561425061425
0.1,fixed,50,100,93,0.8535316168137272,0.7535316168137273,0.8639434889434889,0.763943488943489
0.1,fixed,50,100,94,0.8571575033436224,0.7571575033436224,0.8577242014742015,0.7577242014742015
0.1,fixed,50,100,95,0.8469136531345626,0.7469136531345626,0.858338452088452,0.7583384520884521
0.1,fixed,50,100,96,0.8432665387273748,0.7432665387273748,0.856418918918919,0.756418918918919
0.1,fixed,50,100,97,0.8553343413526708,0.7553343413526709,0.8598740786240786,0.7598740786240786
0.1,fixed,50,100,98,0.8530653761714291,0.7530653761714291,0.8589527027027027,0.7589527027027028
0.1,fixed,50,100,99,0.8539965261081337,0.7539965261081337,0.8601044226044227,0.7601044226044227
0.1,fixed,50,100,100,0.8450546705839782,0.7450546705839782,0.8570331695331695,0.7570331695331696
0.1,fixed,60,100,1,0.8540583698470579,0.7540583698470579,0.856418918918919,0.756418918918919
0.1,fixed,60,100,2,0.8598168873136117,0.7598168873136117,0.8581848894348895,0.7581848894348895
0.1,fixed,60,100,3,0.8508786158282549,0.7508786158282549,0.8568796068796068,0.7568796068796069
0.1,fixed,60,100,4,0.851340304574776,0.7513403045747761,0.8567260442260443,0.7567260442260443
0.1,fixed,60,100,5,0.8494191763600627,0.7494191763600627,0.8584920147420148,0.7584920147420148
0.1,fixed,60,100,6,0.8556123843385638,0.7556123843385638,0.859490171990172,0.759490171990172
0.1,fixed,60,100,7,0.8468681155661447,0.7468681155661447,0.8585687960687961,0.7585687960687961
0.1,fixed,60,100,8,0.8531370902130652,0.7531370902130652,0.860411547911548,0.760411547911548
0.1,fixed,60,100,9,0.857218943498018,0.757218943498018,0.8600276412776413,0.7600276412776413
0.1,fixed,60,100,10,0.8594144222669642,0.7594144222669642,0.8568796068796068,0.7568796068796069
0.1,fixed,60,100,11,0.8493901230845216,0.7493901230845216,0.8584920147420148,0.7584920147420148
0.1,fixed,60,100,12,0.8501793639233015,0.7501793639233015,0.8574170761670762,0.7574170761670762
0.1,fixed,60,100,13,0.8546868335855717,0.7546868335855718,0.8593366093366094,0.7593366093366094
0.1,fixed,60,100,14,0.8560743426139648,0.7560743426139648,0.859259828009828,0.759259828009828
0.1,fixed,60,100,15,0.854083087987035,0.754083087987035,0.8586455773955773,0.7586455773955774
0.1,fixed,60,100,16,0.8500691257874645,0.7500691257874645,0.8581081081081081,0.7581081081081081
0.1,fixed,60,100,17,0.8531890639117328,0.7531890639117328,0.8545761670761671,0.7545761670761671
0.1,fixed,60,100,18,0.8547639268362475,0.7547639268362475,0.8547297297297297,0.7547297297297297
0.1,fixed,60,100,19,0.8614827095911416,0.7614827095911416,0.8594133906633906,0.7594133906633906
0.1,fixed,60,100,20,0.8493401860567394,0.7493401860567395,0.8614864864864865,0.7614864864864865
0.1,fixed,60,100,21,0.8517471344161468,0.7517471344161468,0.8591062653562653,0.7591062653562654
0.1,fixed,60,100,22,0.8555321371819443,0.7555321371819443,0.8614097051597052,0.7614097051597052
0.1,fixed,60,100,23,0.8544370979273372,0.7544370979273373,0.8581848894348895,0.7581848894348895
0.1,fixed,60,100,24,0.85467461293449,0.75467461293449,0.8591830466830467,0.7591830466830467
0.1,fixed,60,100,25,0.851274652065131,0.751274652065131,0.8571099508599509,0.7571099508599509
0.1,fixed,60,100,26,0.8606884314332875,0.7606884314332876,0.8561117936117936,0.7561117936117936
0.1,fixed,60,100,27,0.8565041625946229,0.7565041625946229,0.8591062653562653,0.7591062653562654
0.1,fixed,60,100,28,0.8485703431601774,0.7485703431601775,0.8570331695331695,0.7570331695331696
0.1,fixed,60,100,29,0.8504786122010811,0.7504786122010811,0.8541154791154791,0.7541154791154792
0.1,fixed,60,100,30,0.85467461293449,0.75467461293449,0.8591830466830467,0.7591830466830467
0.1,fixed,60,100,31,0.8536950189505131,0.7536950189505132,0.8578009828009828,0.7578009828009828
0.1,fixed,60,100,32,0.8579740996382336,0.7579740996382336,0.8607954545454546,0.7607954545454546
0.1,fixed,60,100,33,0.8520363332695348,0.7520363332695348,0.8574170761670762,0.7574170761670762
0.1,fixed,60,100,34,0.8643882947243474,0.7643882947243474,0.8576474201474201,0.7576474201474201
0.1,fixed,60,100,35,0.8512780540194819,0.7512780540194819,0.859029484029484,0.759029484029484
0.1,fixed,60,100,36,0.8588555380845205,0.7588555380845206,0.8598740786240786,0.7598740786240786
0.1,fixed,60,100,37,0.8475925472052791,0.7475925472052791,0.859029484029484,0.759029484029484
0.1,fixed,60,100,38,0.8626279035094301,0.7626279035094301,0.8611025798525799,0.7611025798525799
0.1,fixed,60,100,39,0.8514126069944551,0.7514126069944551,0.8589527027027027,0.7589527027027028
0.1,fixed,60,100,40,0.8531938079676148,0.7531938079676148,0.859259828009828,0.759259828009828
0.1,fixed,60,100,41,0.8439775889268005,0.7439775889268005,0.8544993857493858,0.7544993857493858
0.1,fixed,60,100,42,0.8544326631709355,0.7544326631709355,0.858338452088452,0.7583384520884521
0.1,fixed,60,100,43,0.8581111755293848,0.7581111755293848,0.8601812039312039,0.7601812039312039
0.1,fixed,60,100,44,0.8567755167220058,0.7567755167220058,0.855497542997543,0.755497542997543
0.1,fixed,60,100,45,0.8546885572594105,0.7546885572594105,0.8557278869778869,0.755727886977887
0.1,fixed,60,100,46,0.8543548598669749,0.7543548598669749,0.8567260442260443,0.7567260442260443
0.1,fixed,60,100,47,0.8428742834235288,0.7428742834235288,0.8586455773955773,0.7586455773955774
0.1,fixed,60,100,48,0.8557806064641987,0.7557806064641988,0.859029484029484,0.759029484029484
0.1,fixed,60,100,49,0.8542043835127484,0.7542043835127484,0.8544993857493858,0.7544993857493858
0.1,fixed,60,100,50,0.8526610799792704,0.7526610799792705,0.858338452088452,0.7583384520884521
0.1,fixed,60,100,51,0.8544414860866558,0.7544414860866558,0.8591830466830467,0.7591830466830467
0.1,fixed,60,100,52,0.852228335612073,0.752228335612073,0.8567260442260443,0.7567260442260443
0.1,fixed,60,100,53,0.8512651006799892,0.7512651006799892,0.8577242014742015,0.7577242014742015
0.1,fixed,60,100,54,0.8547639268362475,0.7547639268362475,0.8547297297297297,0.7547297297297297
0.1,fixed,60,100,55,0.8501367846250051,0.7501367846250051,0.85879914004914,0.7587991400491401
0.1,fixed,60,100,56,0.8393323941623243,0.7393323941623243,0.8575706388206388,0.7575706388206388
0.1,fixed,60,100,57,0.8568893852391134,0.7568893852391134,0.8569563882063882,0.7569563882063882
0.1,fixed,60,100,58,0.8489290500007645,0.7489290500007645,0.8569563882063882,0.7569563882063882
0.1,fixed,60,100,59,0.8522304590655188,0.7522304590655188,0.8611793611793612,0.7611793611793612
0.1,fixed,60,100,60,0.8516280006516483,0.7516280006516484,0.8578009828009828,0.7578009828009828
0.1,fixed,60,100,61,0.842526268579936,0.742526268579936,0.8610257985257985,0.7610257985257985
0.1,fixed,60,100,62,0.8549290343964993,0.7549290343964993,0.8606418918918919,0.7606418918918919
0.1,fixed,60,100,63,0.8546548865236343,0.7546548865236343,0.8593366093366094,0.7593366093366094
0.1,fixed,60,100,64,0.8493451634511796,0.7493451634511796,0.8581848894348895,0.7581848894348895
0.1,fixed,60,100,65,0.8506142174486578,0.7506142174486579,0.85995085995086,0.75995085995086
0.1,fixed,60,100,66,0.8565508491372348,0.7565508491372348,0.8601044226044227,0.7601044226044227
0.1,fixed,60,100,67,0.8528432425853955,0.7528432425853955,0.8584920147420148,0.7584920147420148
0.1,fixed,60,100,68,0.8576010150440141,0.7576010150440141,0.8566492628992629,0.7566492628992629
0.1,fixed,60,100,69,0.8560538207355732,0.7560538207355733,0.8581081081081081,0.7581081081081081
0.1,fixed,60,100,70,0.8503788203533617,0.7503788203533617,0.8594133906633906,0.7594133906633906
0.1,fixed,60,100,71,0.8544568347246521,0.7544568347246521,0.8566492628992629,0.7566492628992629
0.1,fixed,60,100,72,0.84909856057197,0.74909856057197,0.8612561425061425,0.7612561425061425
0.1,fixed,60,100,73,0.8531890639117328,0.7531890639117328,0.8545761670761671,0.7545761670761671
0.1,fixed,60,100,74,0.8558897736752847,0.7558897736752848,0.8606418918918919,0.7606418918918919
0.1,fixed,60,100,75,0.8558560315980108,0.7558560315980108,0.85879914004914,0.7587991400491401
0.1,fixed,60,100,76,0.8483812164246268,0.7483812164246268,0.859029484029484,0.759029484029484
0.1,fixed,60,100,77,0.8531271784356472,0.7531271784356472,0.8568028255528255,0.7568028255528255
0.1,fixed,60,100,78,0.8500644765769125,0.7500644765769126,0.8556511056511057,0.7556511056511057
0.1,fixed,60,100,79,0.8491277389302914,0.7491277389302914,0.8578009828009828,0.7578009828009828
0.1,fixed,60,100,80,0.8598649805436144,0.7598649805436144,0.8561117936117936,0.7561117936117936
0.1,fixed,60,100,81,0.851183420875155,0.751183420875155,0.8606418918918919,0.7606418918918919
0.1,fixed,60,100,82,0.8503913712112889,0.750391371211289,0.856418918918919,0.756418918918919
0.1,fixed,60,100,83,0.846908014872422,0.746908014872422,0.859720515970516,0.759720515970516
0.1,fixed,60,100,84,0.8512011142613356,0.7512011142613356,0.8581848894348895,0.7581848894348895
0.1,fixed,60,100,85,0.8540728036630643,0.7540728036630643,0.8565724815724816,0.7565724815724816
0.1,fixed,60,100,86,0.8516280006516483,0.7516280006516484,0.8578009828009828,0.7578009828009828
0.1,fixed,60,100,87,0.8563696843638515,0.7563696843638515,0.8575706388206388,0.7575706388206388
0.1,fixed,60,100,88,0.8566466969849776,0.7566466969849777,0.8589527027027027,0.7589527027027028
0.1,fixed,60,100,89,0.8517471344161468,0.7517471344161468,0.8591062653562653,0.7591062653562654
0.1,fixed,60,100,90,0.8527371083074995,0.7527371083074995,0.8576474201474201,0.7576474201474201
0.1,fixed,60,100,91,0.8495510715444696,0.7495510715444696,0.8578777641277642,0.7578777641277642
0.1,fixed,60,100,92,0.8539609229634866,0.7539609229634866,0.8582616707616708,0.7582616707616708
0.1,fixed,60,100,93,0.8590775845733247,0.7590775845733247,0.8617936117936118,0.7617936117936118
0.1,fixed,60,100,94,0.8538016562404042,0.7538016562404042,0.8578009828009828,0.7578009828009828
0.1,fixed,60,100,95,0.8525887184278036,0.7525887184278036,0.8584152334152334,0.7584152334152334
0.1,fixed,60,100,96,0.8470753495373007,0.7470753495373007,0.8547297297297297,0.7547297297297297
0.1,fixed,60,100,97,0.855053237200622,0.755053237200622,0.8603347665847666,0.7603347665847666
0.1,fixed,60,100,98,0.851313236116042,0.7513132361160421,0.8601044226044227,0.7601044226044227
0.1,fixed,60,100,99,0.848171304859282,0.7481713048592821,0.85995085995086,0.75995085995086
0.1,fixed,60,100,100,0.8537740093137296,0.7537740093137296,0.859029484029484,0.759029484029484
0.1,fixed,70,100,1,0.8571257168365253,0.7571257168365253,0.859259828009828,0.759259828009828
0.1,fixed,70,100,2,0.8548201146352832,0.7548201146352832,0.8566492628992629,0.7566492628992629
0.1,fixed,70,100,3,0.8577508150033374,0.7577508150033374,0.8594133906633906,0.7594133906633906
0.1,fixed,70,100,4,0.8550849563492917,0.7550849563492917,0.8566492628992629,0.7566492628992629
0.1,fixed,70,100,5,0.8579652311092788,0.7579652311092788,0.8561117936117936,0.7561117936117936
0.1,fixed,70,100,6,0.8534711313315574,0.7534711313315574,0.8568796068796068,0.7568796068796069
0.1,fixed,70,100,7,0.8566304890793727,0.7566304890793727,0.8564957002457002,0.7564957002457002
0.1,fixed,70,100,8,0.857134937063637,0.757134937063637,0.8574170761670762,0.7574170761670762
0.1,fixed,70,100,9,0.8526850410389692,0.7526850410389693,0.8553439803439803,0.7553439803439803
0.1,fixed,70,100,10,0.8528826654224763,0.7528826654224763,0.8574938574938575,0.7574938574938576
0.1,fixed,70,100,11,0.8450122968452415,0.7450122968452415,0.85995085995086,0.75995085995086
0.1,fixed,70,100,12,0.8550103772185237,0.7550103772185237,0.8554207616707616,0.7554207616707617
0.1,fixed,70,100,13,0.8474637173593882,0.7474637173593882,0.8588759213759214,0.7588759213759214
0.1,fixed,70,100,14,0.8543062946958521,0.7543062946958521,0.8568028255528255,0.7568028255528255
0.1,fixed,70,100,15,0.8567011048029364,0.7567011048029364,0.8585687960687961,0.7585687960687961
0.1,fixed,70,100,16,0.8563331558786029,0.756333155878603,0.8610257985257985,0.7610257985257985
0.1,fixed,70,100,17,0.8500195211447005,0.7500195211447005,0.8540386977886978,0.7540386977886978
0.1,fixed,70,100,18,0.8513566284377553,0.7513566284377553,0.856418918918919,0.756418918918919
0.1,fixed,70,100,19,0.8571050207990587,0.7571050207990587,0.8580313267813268,0.7580313267813268
0.1,fixed,70,100,20,0.8528623405756602,0.7528623405756603,0.855267199017199,0.7552671990171991
0.1,fixed,70,100,21,0.8583320806300028,0.7583320806300028,0.8573402948402948,0.7573402948402949
0.1,fixed,70,100,22,0.8611579744827423,0.7611579744827424,0.8586455773955773,0.7586455773955774
0.1,fixed,70,100,23,0.8553098873940271,0.7553098873940272,0.85995085995086,0.75995085995086
0.1,fixed,70,100,24,0.8510436259855023,0.7510436259855023,0.8582616707616708,0.7582616707616708
0.1,fixed,70,100,25,0.8567946784628448,0.7567946784628449,0.8582616707616708,0.7582616707616708
0.1,fixed,70,100,26,0.8513591766437093,0.7513591766437093,0.8567260442260443,0.7567260442260443
0.1,fixed,70,100,27,0.8547155014760005,0.7547155014760005,0.8568028255528255,0.7568028255528255
0.1,fixed,70,100,28,0.8540853353557232,0.7540853353557232,0.8584920147420148,0.7584920147420148
0.1,fixed,70,100,29,0.8627653615922045,0.7627653615922045,0.8568796068796068,0.7568796068796069
0.1,fixed,70,100,30,0.8510436259855023,0.7510436259855023,0.8582616707616708,0.7582616707616708
0.1,fixed,70,100,31,0.8508585718953235,0.7508585718953236,0.8588759213759214,0.7588759213759214
0.1,fixed,70,100,32,0.8563688199610263,0.7563688199610263,0.859490171990172,0.759490171990172
0.1,fixed,70,100,33,0.862099479063561,0.762099479063561,0.8591062653562653,0.7591062653562654
0.1,fixed,70,100,34,0.851645760679322,0.751645760679322,0.858338452088452,0.7583384520884521
0.1,fixed,70,100,35,0.8608822219916469,0.7608822219916469,0.859029484029484,0.759029484029484
0.1,fixed,70,100,36,0.8567802867518293,0.7567802867518293,0.8586455773955773,0.7586455773955774
0.1,fixed,70,100,37,0.8578644699916997,0.7578644699916998,0.8564957002457002,0.7564957002457002
0.1,fixed,70,100,38,0.8550977158033863,0.7550977158033864,0.8578009828009828,0.7578009828009828
0.1,fixed,70,100,39,0.8609678987707728,0.7609678987707729,0.8574938574938575,0.7574938574938576
0.1,fixed,70,100,40,0.8507429717374758,0.7507429717374758,0.8580313267813268,0.7580313267813268
0.1,fixed,70,100,41,0.8534613465804376,0.7534613465804376,0.85879914004914,0.7587991400491401
0.1,fixed,70,100,42,0.8531724493078162,0.7531724493078162,0.8591830466830467,0.7591830466830467
0.1,fixed,70,100,43,0.8533893941804525,0.7533893941804525,0.8564957002457002,0.7564957002457002
0.1,fixed,70,100,44,0.8575516484008252,0.7575516484008252,0.8568796068796068,0.7568796068796069
0.1,fixed,70,100,45,0.8506639417963728,0.7506639417963729,0.8575706388206388,0.7575706388206388
0.1,fixed,70,100,46,0.8581919786897934,0.7581919786897934,0.8571099508599509,0.7571099508599509
0.1,fixed,70,100,47,0.8549325531193964,0.7549325531193964,0.8581848894348895,0.7581848894348895
0.1,fixed,70,100,48,0.8560565993723355,0.7560565993723355,0.8581081081081081,0.7581081081081081
0.1,fixed,70,100,49,0.8526272721451283,0.7526272721451284,0.8561885749385749,0.7561885749385749
0.1,fixed,70,100,50,0.8498964097309993,0.7498964097309994,0.8565724815724816,0.7565724815724816
0.1,fixed,70,100,51,0.8563578902959972,0.7563578902959972,0.8584152334152334,0.7584152334152334
0.1,fixed,70,100,52,0.8512112668455244,0.7512112668455244,0.8540386977886978,0.7540386977886978
0.1,fixed,70,100,53,0.8562756341373091,0.7562756341373091,0.8551136363636364,0.7551136363636364
0.1,fixed,70,100,54,0.8513566284377553,0.7513566284377553,0.856418918918919,0.756418918918919
0.1,fixed,70,100,55,0.8528194248869414,0.7528194248869414,0.8581081081081081,0.7581081081081081
0.1,fixed,70,100,56,0.8516846740043814,0.7516846740043814,0.8568796068796068,0.7568796068796069
0.1,fixed,70,100,57,0.8522610159266425,0.7522610159266425,0.8568796068796068,0.7568796068796069
0.1,fixed,70,100,58,0.8495236527147202,0.7495236527147202,0.8538851351351351,0.7538851351351351
0.1,fixed,70,100,59,0.8525445807301638,0.7525445807301638,0.8597972972972973,0.7597972972972973
0.1,fixed,70,100,60,0.8521199624328473,0.7521199624328473,0.8568796068796068,0.7568796068796069
0.1,fixed,70,100,61,0.8483257505361507,0.7483257505361507,0.8578009828009828,0.7578009828009828
0.1,fixed,70,100,62,0.8534491613103231,0.7534491613103231,0.8571867321867321,0.7571867321867322
0.1,fixed,70,100,63,0.8615995171357191,0.7615995171357192,0.8582616707616708,0.7582616707616708
0.1,fixed,70,100,64,0.8560368094993255,0.7560368094993255,0.8591062653562653,0.7591062653562654
0.1,fixed,70,100,65,0.8486605245887379,0.7486605245887379,0.8562653562653563,0.7562653562653563
0.1,fixed,70,100,66,0.8546416161816939,0.7546416161816939,0.8588759213759214,0.7588759213759214
0.1,fixed,70,100,67,0.8619941613429799,0.7619941613429799,0.8601044226044227,0.7601044226044227
0.1,fixed,70,100,68,0.8586507302544892,0.7586507302544893,0.8587223587223587,0.7587223587223587
0.1,fixed,70,100,69,0.8580738356633687,0.7580738356633687,0.8544993857493858,0.7544993857493858
0.1,fixed,70,100,70,0.8609777185009938,0.7609777185009938,0.8574938574938575,0.7574938574938576
0.1,fixed,70,100,71,0.8518747544370718,0.7518747544370719,0.8545761670761671,0.7545761670761671
0.1,fixed,70,100,72,0.8626055921149275,0.7626055921149275,0.8591062653562653,0.7591062653562654
0.1,fixed,70,100,73,0.8500195211447005,0.7500195211447005,0.8540386977886978,0.7540386977886978
0.1,fixed,70,100,74,0.8502609657767941,0.7502609657767941,0.8591062653562653,0.7591062653562654
0.1,fixed,70,100,75,0.859925640617759,0.759925640617759,0.8557278869778869,0.755727886977887
0.1,fixed,70,100,76,0.8628631001408044,0.7628631001408044,0.8561117936117936,0.7561117936117936
0.1,fixed,70,100,77,0.8496996428227556,0.7496996428227556,0.8562653562653563,0.7562653562653563
0.1,fixed,70,100,78,0.8507114676982406,0.7507114676982406,0.8544226044226044,0.7544226044226044
0.1,fixed,70,100,79,0.8549444015972175,0.7549444015972175,0.8585687960687961,0.7585687960687961
0.1,fixed,70,100,80,0.8494855413761255,0.7494855413761256,0.8574170761670762,0.7574170761670762
0.1,fixed,70,100,81,0.8582521734916895,0.7582521734916895,0.8611025798525799,0.7611025798525799
0.1,fixed,70,100,82,0.8562431577744982,0.7562431577744982,0.859029484029484,0.759029484029484
0.1,fixed,70,100,83,0.8567322967206873,0.7567322967206873,0.859029484029484,0.759029484029484
0.1,fixed,70,100,84,0.8561316445479723,0.7561316445479723,0.8601044226044227,0.7601044226044227
0.1,fixed,70,100,85,0.8544816080458226,0.7544816080458226,0.8568028255528255,0.7568028255528255
0.1,fixed,70,100,86,0.8521199624328473,0.7521199624328473,0.8568796068796068,0.7568796068796069
0.1,fixed,70,100,87,0.8568045793327341,0.7568045793327342,0.8578777641277642,0.7578777641277642
0.1,fixed,70,100,88,0.8506103489081095,0.7506103489081095,0.8584920147420148,0.7584920147420148
0.1,fixed,70,100,89,0.8583320806300028,0.7583320806300028,0.8573402948402948,0.7573402948402949
0.1,fixed,70,100,90,0.8549040637127574,0.7549040637127574,0.8577242014742015,0.7577242014742015
0.1,fixed,70,100,91,0.8544666932628817,0.7544666932628817,0.8591830466830467,0.7591830466830467
0.1,fixed,70,100,92,0.8546558172831655,0.7546558172831656,0.8576474201474201,0.7576474201474201
0.1,fixed,70,100,93,0.8587378959468063,0.7587378959468063,0.85995085995086,0.75995085995086
0.1,fixed,70,100,94,0.8566790390631501,0.7566790390631501,0.8607186732186732,0.7607186732186733
0.1,fixed,70,100,95,0.8524663660919003,0.7524663660919003,0.8581081081081081,0.7581081081081081
0.1,fixed,70,100,96,0.8594117401673694,0.7594117401673695,0.8560350122850123,0.7560350122850124
0.1,fixed,70,100,97,0.8544672903482128,0.7544672903482128,0.8591062653562653,0.7591062653562654
0.1,fixed,70,100,98,0.8532425205583087,0.7532425205583088,0.8602579852579852,0.7602579852579853
0.1,fixed,70,100,99,0.8484640405758701,0.7484640405758701,0.8586455773955773,0.7586455773955774
0.1,fixed,70,100,100,0.8587247436294363,0.7587247436294363,0.8577242014742015,0.7577242014742015
0.1,fixed,80,100,1,0.8552222540831493,0.7552222540831494,0.8546529484029484,0.7546529484029484
0.1,fixed,80,100,2,0.8541902265393773,0.7541902265393773,0.8574938574938575,0.7574938574938576
0.1,fixed,80,100,3,0.8612154950222342,0.7612154950222342,0.8584152334152334,0.7584152334152334
0.1,fixed,80,100,4,0.8585056825753067,0.7585056825753067,0.859720515970516,0.759720515970516
0.1,fixed,80,100,5,0.8585096693393647,0.7585096693393647,0.8567260442260443,0.7567260442260443
0.1,fixed,80,100,6,0.8645822199440262,0.7645822199440262,0.8581081081081081,0.7581081081081081
0.1,fixed,80,100,7,0.8506961943415816,0.7506961943415816,0.8585687960687961,0.7585687960687961
0.1,fixed,80,100,8,0.8483089690342352,0.7483089690342353,0.8601812039312039,0.7601812039312039
0.1,fixed,80,100,9,0.8606725589397195,0.7606725589397195,0.8582616707616708,0.7582616707616708
0.1,fixed,80,100,10,0.8651181625922008,0.7651181625922008,0.8571867321867321,0.7571867321867322
0.1,fixed,80,100,11,0.8569957403348929,0.7569957403348929,0.8574938574938575,0.7574938574938576
0.1,fixed,80,100,12,0.8628182576278008,0.7628182576278009,0.8591062653562653,0.7591062653562654
0.1,fixed,80,100,13,0.859274511898797,0.759274511898797,0.8606418918918919,0.7606418918918919
0.1,fixed,80,100,14,0.8482387570744472,0.7482387570744472,0.8574170761670762,0.7574170761670762
0.1,fixed,80,100,15,0.8550916992053127,0.7550916992053127,0.8578009828009828,0.7578009828009828
0.1,fixed,80,100,16,0.8546649844335084,0.7546649844335084,0.8591062653562653,0.7591062653562654
0.1,fixed,80,100,17,0.859262070710812,0.759262070710812,0.855497542997543,0.755497542997543
0.1,fixed,80,100,18,0.8533602714137779,0.7533602714137779,0.8553439803439803,0.7553439803439803
0.1,fixed,80,100,19,0.8567939992048383,0.7567939992048384,0.8584152334152334,0.7584152334152334
0.1,fixed,80,100,20,0.8454658951286182,0.7454658951286183,0.8586455773955773,0.7586455773955774
0.1,fixed,80,100,21,0.850271151376739,0.750271151376739,0.8578009828009828,0.7578009828009828
0.1,fixed,80,100,22,0.8568243884615835,0.7568243884615835,0.8586455773955773,0.7586455773955774
0.1,fixed,80,100,23,0.8589352904650325,0.7589352904650325,0.8565724815724816,0.7565724815724816
0.1,fixed,80,100,24,0.8532596258641016,0.7532596258641017,0.8574170761670762,0.7574170761670762
0.1,fixed,80,100,25,0.8578779923062875,0.7578779923062875,0.8604883292383292,0.7604883292383292
0.1,fixed,80,100,26,0.8587976247181485,0.7587976247181485,0.8562653562653563,0.7562653562653563
0.1,fixed,80,100,27,0.8643757498851273,0.7643757498851274,0.8561117936117936,0.7561117936117936
0.1,fixed,80,100,28,0.8584423447167434,0.7584423447167434,0.8573402948402948,0.7573402948402949
0.1,fixed,80,100,29,0.8636988038424815,0.7636988038424816,0.8578777641277642,0.7578777641277642
0.1,fixed,80,100,30,0.8532596258641016,0.7532596258641017,0.8574170761670762,0.7574170761670762
0.1,fixed,80,100,31,0.8519090454213589,0.751909045421359,0.8586455773955773,0.7586455773955774
0.1,fixed,80,100,32,0.8554495156585521,0.7554495156585521,0.8564957002457002,0.7564957002457002
0.1,fixed,80,100,33,0.8543848833302842,0.7543848833302842,0.859259828009828,0.759259828009828
0.1,fixed,80,100,34,0.8472434048749429,0.7472434048749429,0.856418918918919,0.756418918918919
0.1,fixed,80,100,35,0.858442419971696,0.758442419971696,0.8586455773955773,0.7586455773955774
0.1,fixed,80,100,36,0.8565212258701966,0.7565212258701967,0.8598740786240786,0.7598740786240786
0.1,fixed,80,100,37,0.8565119923494092,0.7565119923494092,0.8579545454545454,0.7579545454545454
0.1,fixed,80,100,38,0.860733317977829,0.7607333179778291,0.8588759213759214,0.7588759213759214
0.1,fixed,80,100,39,0.8559613796398609,0.7559613796398609,0.8593366093366094,0.7593366093366094
0.1,fixed,80,100,40,0.8478095423730403,0.7478095423730403,0.8581081081081081,0.7581081081081081
0.1,fixed,80,100,41,0.8567995721759326,0.7567995721759326,0.8570331695331695,0.7570331695331696
0.1,fixed,80,100,42,0.8597684221352033,0.7597684221352033,0.8561117936117936,0.7561117936117936
0.1,fixed,80,100,43,0.864765161661246,0.764765161661246,0.8580313267813268,0.7580313267813268
0.1,fixed,80,100,44,0.8621182300493595,0.7621182300493595,0.8574170761670762,0.7574170761670762
0.1,fixed,80,100,45,0.8475063942133845,0.7475063942133845,0.8551136363636364,0.7551136363636364
0.1,fixed,80,100,46,0.8599279524663174,0.7599279524663174,0.8561885749385749,0.7561885749385749
0.1,fixed,80,100,47,0.8555025804808962,0.7555025804808962,0.8595669533169533,0.7595669533169533
0.1,fixed,80,100,48,0.8654683453774723,0.7654683453774723,0.856418918918919,0.756418918918919
0.1,fixed,80,100,49,0.8604628265275758,0.7604628265275758,0.85879914004914,0.7587991400491401
0.1,fixed,80,100,50,0.8550523137997157,0.7550523137997157,0.8532708845208845,0.7532708845208845
0.1,fixed,80,100,51,0.8564525322742226,0.7564525322742226,0.8597972972972973,0.7597972972972973
0.1,fixed,80,100,52,0.8538921710475151,0.7538921710475152,0.8574170761670762,0.7574170761670762
0.1,fixed,80,100,53,0.8559056272147169,0.7559056272147169,0.8570331695331695,0.7570331695331696
0.1,fixed,80,100,54,0.8533602714137779,0.7533602714137779,0.8553439803439803,0.7553439803439803
0.1,fixed,80,100,55,0.8558071814249593,0.7558071814249593,0.8584920147420148,0.7584920147420148
0.1,fixed,80,100,56,0.8570027523523956,0.7570027523523957,0.8586455773955773,0.7586455773955774
0.1,fixed,80,100,57,0.8456673755654639,0.7456673755654639,0.8568028255528255,0.7568028255528255
0.1,fixed,80,100,58,0.8538295112236826,0.7538295112236826,0.859490171990172,0.759490171990172
0.1,fixed,80,100,59,0.8641215098992331,0.7641215098992331,0.8611025798525799,0.7611025798525799
0.1,fixed,80,100,60,0.8597142051251161,0.7597142051251161,0.8547297297297297,0.7547297297297297
0.1,fixed,80,100,61,0.8597277300026778,0.7597277300026778,0.85879914004914,0.7587991400491401
0.1,fixed,80,100,62,0.8597688375627237,0.7597688375627237,0.8611793611793612,0.7611793611793612
0.1,fixed,80,100,63,0.8656133145947535,0.7656133145947536,0.8613329238329238,0.7613329238329238
0.1,fixed,80,100,64,0.8607796458874301,0.7607796458874301,0.8601812039312039,0.7601812039312039
0.1,fixed,80,100,65,0.8546866670224376,0.7546866670224376,0.8572635135135135,0.7572635135135135
0.1,fixed,80,100,66,0.8578847269989344,0.7578847269989344,0.8594133906633906,0.7594133906633906
0.1,fixed,80,100,67,0.8549388292667663,0.7549388292667664,0.8578009828009828,0.7578009828009828
0.1,fixed,80,100,68,0.8662381492133978,0.7662381492133978,0.8555743243243243,0.7555743243243244
0.1,fixed,80,100,69,0.8548306860730746,0.7548306860730746,0.8554207616707616,0.7554207616707617
0.1,fixed,80,100,70,0.8562453620301557,0.7562453620301557,0.8611793611793612,0.7611793611793612
0.1,fixed,80,100,71,0.8523885316975937,0.7523885316975937,0.8567260442260443,0.7567260442260443
0.1,fixed,80,100,72,0.8604407832897787,0.7604407832897787,0.85995085995086,0.75995085995086
0.1,fixed,80,100,73,0.859262070710812,0.759262070710812,0.855497542997543,0.755497542997543
0.1,fixed,80,100,74,0.8584734933897135,0.7584734933897135,0.8601812039312039,0.7601812039312039
0.1,fixed,80,100,75,0.8522348698823417,0.7522348698823417,0.8570331695331695,0.7570331695331696
0.1,fixed,80,100,76,0.8576160130309476,0.7576160130309476,0.8587223587223587,0.7587223587223587
0.1,fixed,80,100,77,0.8498731681542743,0.7498731681542743,0.8565724815724816,0.7565724815724816
0.1,fixed,80,100,78,0.8500205257905423,0.7500205257905423,0.8530405405405406,0.7530405405405406
0.1,fixed,80,100,79,0.8580335707182555,0.7580335707182555,0.8598740786240786,0.7598740786240786
0.1,fixed,80,100,80,0.8661512422083592,0.7661512422083592,0.8562653562653563,0.7562653562653563
0.1,fixed,80,100,81,0.8635224563069566,0.7635224563069566,0.8602579852579852,0.7602579852579853
0.1,fixed,80,100,82,0.8620105681061414,0.7620105681061414,0.8582616707616708,0.7582616707616708
0.1,fixed,80,100,83,0.8656912672961448,0.7656912672961448,0.8580313267813268,0.7580313267813268
0.1,fixed,80,100,84,0.8600633077726338,0.7600633077726339,0.8574170761670762,0.7574170761670762
0.1,fixed,80,100,85,0.846780655751992,0.746780655751992,0.8569563882063882,0.7569563882063882
0.1,fixed,80,100,86,0.8597142051251161,0.7597142051251161,0.8547297297297297,0.7547297297297297
0.1,fixed,80,100,87,0.8592429057251806,0.7592429057251806,0.8561885749385749,0.7561885749385749
0.1,fixed,80,100,88,0.8559477887034057,0.7559477887034057,0.8570331695331695,0.7570331695331696
0.1,fixed,80,100,89,0.850271151376739,0.750271151376739,0.8578009828009828,0.7578009828009828
0.1,fixed,80,100,90,0.8585933400555389,0.7585933400555389,0.8558814496314496,0.7558814496314497
0.1,fixed,80,100,91,0.8586401548940278,0.7586401548940278,0.8607186732186732,0.7607186732186733
0.1,fixed,80,100,92,0.8574494845849674,0.7574494845849674,0.8585687960687961,0.7585687960687961
0.1,fixed,80,100,93,0.8503329694476001,0.7503329694476001,0.8588759213759214,0.7588759213759214
0.1,fixed,80,100,94,0.8470985082797149,0.7470985082797149,0.8561885749385749,0.7561885749385749
0.1,fixed,80,100,95,0.8618711027041663,0.7618711027041664,0.8609490171990172,0.7609490171990172
0.1,fixed,80,100,96,0.854355105788612,0.754355105788612,0.8548832923832924,0.7548832923832924
0.1,fixed,80,100,97,0.8651959928631674,0.7651959928631674,0.855497542997543,0.755497542997543
0.1,fixed,80,100,98,0.8567301001020717,0.7567301001020718,0.8571099508599509,0.7571099508599509
0.1,fixed,80,100,99,0.855756280893648,0.755756280893648,0.8571099508599509,0.7571099508599509
0.1,fixed,80,100,100,0.8573612846203372,0.7573612846203372,0.8582616707616708,0.7582616707616708
0.1,fixed,90,100,1,0.8603543524924585,0.7603543524924585,0.8561117936117936,0.7561117936117936
0.1,fixed,90,100,2,0.8546746888255445,0.7546746888255446,0.8566492628992629,0.7566492628992629
0.1,fixed,90,100,3,0.8629124059313865,0.7629124059313865,0.8579545454545454,0.7579545454545454
0.1,fixed,90,100,4,0.8534208663968573,0.7534208663968573,0.8562653562653563,0.7562653562653563
0.1,fixed,90,100,5,0.8536247679684512,0.7536247679684512,0.8540386977886978,0.7540386977886978
0.1,fixed,90,100,6,0.8631256640023346,0.7631256640023346,0.8584152334152334,0.7584152334152334
0.1,fixed,90,100,7,0.8623471118294784,0.7623471118294785,0.8557278869778869,0.755727886977887
0.1,fixed,90,100,8,0.8617163286461377,0.7617163286461377,0.8578009828009828,0.7578009828009828
0.1,fixed,90,100,9,0.8627306209995271,0.7627306209995272,0.8570331695331695,0.7570331695331696
0.1,fixed,90,100,10,0.8626620145189542,0.7626620145189542,0.8585687960687961,0.7585687960687961
0.1,fixed,90,100,11,0.8604602186505971,0.7604602186505971,0.8571099508599509,0.7571099508599509
0.1,fixed,90,100,12,0.8560028188890868,0.7560028188890868,0.8572635135135135,0.7572635135135135
0.1,fixed,90,100,13,0.8568476773648755,0.7568476773648756,0.858338452088452,0.7583384520884521
0.1,fixed,90,100,14,0.8562578115492848,0.7562578115492848,0.8584920147420148,0.7584920147420148
0.1,fixed,90,100,15,0.8625648334297543,0.7625648334297543,0.8601044226044227,0.7601044226044227
0.1,fixed,90,100,16,0.8541403341313043,0.7541403341313043,0.8595669533169533,0.7595669533169533
0.1,fixed,90,100,17,0.852038456432988,0.7520384564329881,0.8537315724815725,0.7537315724815725
0.1,fixed,90,100,18,0.8626152410010343,0.7626152410010343,0.8561117936117936,0.7561117936117936
0.1,fixed,90,100,19,0.8549819054637449,0.7549819054637449,0.856418918918919,0.756418918918919
0.1,fixed,90,100,20,0.8594666819365354,0.7594666819365354,0.8555743243243243,0.7555743243243244
0.1,fixed,90,100,21,0.8508892515830186,0.7508892515830187,0.8568796068796068,0.7568796068796069
0.1,fixed,90,100,22,0.8536076999795873,0.7536076999795873,0.8589527027027027,0.7589527027027028
0.1,fixed,90,100,23,0.8646517461111892,0.7646517461111892,0.85879914004914,0.7587991400491401
0.1,fixed,90,100,24,0.8515088078455362,0.7515088078455362,0.8577242014742015,0.7577242014742015
0.1,fixed,90,100,25,0.8600936554884572,0.7600936554884572,0.8581848894348895,0.7581848894348895
0.1,fixed,90,100,26,0.8527798583291252,0.7527798583291252,0.855958230958231,0.755958230958231
0.1,fixed,90,100,27,0.856303883234532,0.756303883234532,0.8558046683046683,0.7558046683046683
0.1,fixed,90,100,28,0.8619802718724432,0.7619802718724432,0.8586455773955773,0.7586455773955774
0.1,fixed,90,100,29,0.8557778146691211,0.7557778146691211,0.8555743243243243,0.7555743243243244
0.1,fixed,90,100,30,0.8515088078455362,0.7515088078455362,0.8577242014742015,0.7577242014742015
0.1,fixed,90,100,31,0.8591189712713847,0.7591189712713847,0.8560350122850123,0.7560350122850124
0.1,fixed,90,100,32,0.8622423050549021,0.7622423050549021,0.8595669533169533,0.7595669533169533
0.1,fixed,90,100,33,0.8607824739672623,0.7607824739672623,0.8581081081081081,0.7581081081081081
0.1,fixed,90,100,34,0.8555036295503917,0.7555036295503917,0.8570331695331695,0.7570331695331696
0.1,fixed,90,100,35,0.857199036906999,0.757199036906999,0.8581081081081081,0.7581081081081081
0.1,fixed,90,100,36,0.8563656582891189,0.756365658289119,0.8553439803439803,0.7553439803439803
0.1,fixed,90,100,37,0.8564741511395781,0.7564741511395782,0.8548065110565111,0.7548065110565111
0.1,fixed,90,100,38,0.8662932671080191,0.7662932671080191,0.8579545454545454,0.7579545454545454
0.1,fixed,90,100,39,0.857896702820643,0.757896702820643,0.8558046683046683,0.7558046683046683
0.1,fixed,90,100,40,0.8533697908669974,0.7533697908669974,0.8545761670761671,0.7545761670761671
0.1,fixed,90,100,41,0.8630119749548051,0.7630119749548051,0.8546529484029484,0.7546529484029484
0.1,fixed,90,100,42,0.8548463807337515,0.7548463807337515,0.8555743243243243,0.7555743243243244
0.1,fixed,90,100,43,0.8611503529457555,0.7611503529457555,0.8571867321867321,0.7571867321867322
0.1,fixed,90,100,44,0.8597416360065636,0.7597416360065636,0.8563421375921376,0.7563421375921376
0.1,fixed,90,100,45,0.8554461389993617,0.7554461389993617,0.8574170761670762,0.7574170761670762
0.1,fixed,90,100,46,0.8554849294880985,0.7554849294880985,0.8525030712530712,0.7525030712530713
0.1,fixed,90,100,47,0.8522282463285477,0.7522282463285477,0.8570331695331695,0.7570331695331696
0.1,fixed,90,100,48,0.8584414763380341,0.7584414763380342,0.8576474201474201,0.7576474201474201
0.1,fixed,90,100,49,0.8621228900741507,0.7621228900741507,0.8593366093366094,0.7593366093366094
0.1,fixed,90,100,50,0.8565478571453616,0.7565478571453617,0.8566492628992629,0.7566492628992629
0.1,fixed,90,100,51,0.8604361241455455,0.7604361241455455,0.8585687960687961,0.7585687960687961
0.1,fixed,90,100,52,0.8544121729079112,0.7544121729079112,0.8571867321867321,0.7571867321867322
0.1,fixed,90,100,53,0.8596497456573058,0.7596497456573058,0.8595669533169533,0.7595669533169533
0.1,fixed,90,100,54,0.8626152410010343,0.7626152410010343,0.8561117936117936,0.7561117936117936
0.1,fixed,90,100,55,0.8597241631531601,0.7597241631531602,0.8601812039312039,0.7601812039312039
0.1,fixed,90,100,56,0.8534286252027915,0.7534286252027915,0.8577242014742015,0.7577242014742015
0.1,fixed,90,100,57,0.8584339524980726,0.7584339524980727,0.8556511056511057,0.7556511056511057
0.1,fixed,90,100,58,0.8574961483232101,0.7574961483232101,0.8581081081081081,0.7581081081081081
0.1,fixed,90,100,59,0.8542060335239036,0.7542060335239036,0.8596437346437347,0.7596437346437347
0.1,fixed,90,100,60,0.860867068422757,0.760867068422757,0.8573402948402948,0.7573402948402949
0.1,fixed,90,100,61,0.8560283337089578,0.7560283337089578,0.8569563882063882,0.7569563882063882
0.1,fixed,90,100,62,0.8520970228269535,0.7520970228269536,0.8562653562653563,0.7562653562653563
0.1,fixed,90,100,63,0.8593948307014587,0.7593948307014587,0.8584152334152334,0.7584152334152334
0.1,fixed,90,100,64,0.8624774249356011,0.7624774249356011,0.860411547911548,0.760411547911548
0.1,fixed,90,100,65,0.866265334998218,0.766265334998218,0.8561117936117936,0.7561117936117936
0.1,fixed,90,100,66,0.8569313655393982,0.7569313655393982,0.859259828009828,0.759259828009828
0.1,fixed,90,100,67,0.8567824302538487,0.7567824302538487,0.8572635135135135,0.7572635135135135
0.1,fixed,90,100,68,0.8610410388334312,0.7610410388334312,0.8548065110565111,0.7548065110565111
0.1,fixed,90,100,69,0.8553210586388199,0.7553210586388199,0.8568796068796068,0.7568796068796069
0.1,fixed,90,100,70,0.8592067776578352,0.7592067776578352,0.8562653562653563,0.7562653562653563
0.1,fixed,90,100,71,0.8550014636289229,0.755001463628923,0.8575706388206388,0.7575706388206388
0.1,fixed,90,100,72,0.8601065821448716,0.7601065821448716,0.8601812039312039,0.7601812039312039
0.1,fixed,90,100,73,0.852038456432988,0.7520384564329881,0.8537315724815725,0.7537315724815725
0.1,fixed,90,100,74,0.8555752285515841,0.7555752285515841,0.8575706388206388,0.7575706388206388
0.1,fixed,90,100,75,0.8508590301604699,0.75085903016047,0.8567260442260443,0.7567260442260443
0.1,fixed,90,100,76,0.854540552306179,0.754540552306179,0.8575706388206388,0.7575706388206388
0.1,fixed,90,100,77,0.8491749134111389,0.749174913411139,0.8580313267813268,0.7580313267813268
0.1,fixed,90,100,78,0.8526325735677317,0.7526325735677317,0.8575706388206388,0.7575706388206388
0.1,fixed,90,100,79,0.8546148935909741,0.7546148935909741,0.8569563882063882,0.7569563882063882
0.1,fixed,90,100,80,0.8535273202559702,0.7535273202559702,0.8568028255528255,0.7568028255528255
0.1,fixed,90,100,81,0.8579534576039345,0.7579534576039345,0.8587223587223587,0.7587223587223587
0.1,fixed,90,100,82,0.856184129114147,0.756184129114147,0.8586455773955773,0.7586455773955774
0.1,fixed,90,100,83,0.8540509623323319,0.7540509623323319,0.8569563882063882,0.7569563882063882
0.1,fixed,90,100,84,0.857419164321871,0.7574191643218711,0.8573402948402948,0.7573402948402949
0.1,fixed,90,100,85,0.8620172220240973,0.7620172220240973,0.8551904176904177,0.7551904176904177
0.1,fixed,90,100,86,0.860867068422757,0.760867068422757,0.8573402948402948,0.7573402948402949
0.1,fixed,90,100,87,0.8600527083840148,0.7600527083840148,0.8560350122850123,0.7560350122850124
0.1,fixed,90,100,88,0.8653417693179328,0.7653417693179329,0.8584920147420148,0.7584920147420148
0.1,fixed,90,100,89,0.8508892515830186,0.7508892515830187,0.8568796068796068,0.7568796068796069
0.1,fixed,90,100,90,0.8616827933375784,0.7616827933375784,0.8556511056511057,0.7556511056511057
0.1,fixed,90,100,91,0.8469712915744649,0.746971291574465,0.8595669533169533,0.7595669533169533
0.1,fixed,90,100,92,0.8538851820659142,0.7538851820659143,0.8568028255528255,0.7568028255528255
0.1,fixed,90,100,93,0.8667325147258742,0.7667325147258742,0.8618703931203932,0.7618703931203932
0.1,fixed,90,100,94,0.85652239272201,0.75652239272201,0.8597972972972973,0.7597972972972973
0.1,fixed,90,100,95,0.8518269742277608,0.7518269742277608,0.8566492628992629,0.7566492628992629
0.1,fixed,90,100,96,0.85798841125651,0.7579884112565101,0.8549600737100738,0.7549600737100738
0.1,fixed,90,100,97,0.8580637037032116,0.7580637037032116,0.8595669533169533,0.7595669533169533
0.1,fixed,90,100,98,0.862710867435669,0.7627108674356691,0.8575706388206388,0.7575706388206388
0.1,fixed,90,100,99,0.859611169819338,0.7596111698193381,0.8561885749385749,0.7561885749385749
0.1,fixed,90,100,100,0.8608216269748744,0.7608216269748744,0.8575706388206388,0.7575706388206388
0.1,fixed,100,100,1,0.8612329791927353,0.7612329791927354,0.8548065110565111,0.7548065110565111
0.1,fixed,100,100,2,0.8575245675563272,0.7575245675563272,0.8565724815724816,0.7565724815724816
0.1,fixed,100,100,3,0.8583986715674804,0.7583986715674804,0.8558814496314496,0.7558814496314497
0.1,fixed,100,100,4,0.8663895357015912,0.7663895357015912,0.8567260442260443,0.7567260442260443
0.1,fixed,100,100,5,0.8665199490846166,0.7665199490846166,0.8561117936117936,0.7561117936117936
0.1,fixed,100,100,6,0.8577821345558779,0.757782134555878,0.8581848894348895,0.7581848894348895
0.1,fixed,100,100,7,0.856992191702656,0.756992191702656,0.8557278869778869,0.755727886977887
0.1,fixed,100,100,8,0.8525745246858615,0.7525745246858615,0.85879914004914,0.7587991400491401
0.1,fixed,100,100,9,0.8643650733565695,0.7643650733565696,0.8560350122850123,0.7560350122850124
0.1,fixed,100,100,10,0.8625249358269284,0.7625249358269284,0.8574938574938575,0.7574938574938576
0.1,fixed,100,100,11,0.8614352148211799,0.7614352148211799,0.8574170761670762,0.7574170761670762
0.1,fixed,100,100,12,0.8600004411824177,0.7600004411824177,0.8561117936117936,0.7561117936117936
0.1,fixed,100,100,13,0.8585220392340471,0.7585220392340472,0.8557278869778869,0.755727886977887
0.1,fixed,100,100,14,0.8626513484990704,0.7626513484990705,0.8563421375921376,0.7563421375921376
0.1,fixed,100,100,15,0.8688558072700869,0.768855807270087,0.859720515970516,0.759720515970516
0.1,fixed,100,100,16,0.8545373719207021,0.7545373719207021,0.85995085995086,0.75995085995086
0.1,fixed,100,100,17,0.8649289577011267,0.7649289577011267,0.8556511056511057,0.7556511056511057
0.1,fixed,100,100,18,0.8586593870161041,0.7586593870161041,0.8538083538083538,0.7538083538083539
0.1,fixed,100,100,19,0.8640931838271444,0.7640931838271444,0.858338452088452,0.7583384520884521
0.1,fixed,100,100,20,0.8481296375240093,0.7481296375240093,0.8536547911547911,0.7536547911547912
0.1,fixed,100,100,21,0.8653998262704105,0.7653998262704105,0.8545761670761671,0.7545761670761671
0.1,fixed,100,100,22,0.8597606682504987,0.7597606682504987,0.855497542997543,0.755497542997543
0.1,fixed,100,100,23,0.8599932306845511,0.7599932306845512,0.8545761670761671,0.7545761670761671
0.1,fixed,100,100,24,0.857539089584783,0.757539089584783,0.8577242014742015,0.7577242014742015
0.1,fixed,100,100,25,0.8643799949067247,0.7643799949067247,0.8571099508599509,0.7571099508599509
0.1,fixed,100,100,26,0.8542693753148647,0.7542693753148647,0.8560350122850123,0.7560350122850124
0.1,fixed,100,100,27,0.854604793577247,0.754604793577247,0.855497542997543,0.755497542997543
0.1,fixed,100,100,28,0.8612595167471625,0.7612595167471625,0.8572635135135135,0.7572635135135135
0.1,fixed,100,100,29,0.863580208610776,0.763580208610776,0.8541154791154791,0.7541154791154792
0.1,fixed,100,100,30,0.857539089584783,0.757539089584783,0.8577242014742015,0.7577242014742015
0.1,fixed,100,100,31,0.8616702394581283,0.7616702394581283,0.859029484029484,0.759029484029484
0.1,fixed,100,100,32,0.858188751674986,0.758188751674986,0.8581081081081081,0.7581081081081081
0.1,fixed,100,100,33,0.8623516698506648,0.7623516698506648,0.8572635135135135,0.7572635135135135
0.1,fixed,100,100,34,0.8580364161415113,0.7580364161415113,0.8578009828009828,0.7578009828009828
0.1,fixed,100,100,35,0.8644961647277715,0.7644961647277715,0.858338452088452,0.7583384520884521
0.1,fixed,100,100,36,0.8614653575320557,0.7614653575320557,0.8565724815724816,0.7565724815724816
0.1,fixed,100,100,37,0.8666591992214993,0.7666591992214993,0.8581081081081081,0.7581081081081081
0.1,fixed,100,100,38,0.8606202843729995,0.7606202843729996,0.8575706388206388,0.7575706388206388
0.1,fixed,100,100,39,0.8584631249913101,0.7584631249913101,0.856418918918919,0.756418918918919
0.1,fixed,100,100,40,0.8550178383508769,0.7550178383508769,0.8574938574938575,0.7574938574938576
0.1,fixed,100,100,41,0.8575210292215509,0.757521029221551,0.8564957002457002,0.7564957002457002
0.1,fixed,100,100,42,0.8506312605996768,0.7506312605996768,0.8554207616707616,0.7554207616707617
0.1,fixed,100,100,43,0.8598432507933474,0.7598432507933475,0.85879914004914,0.7587991400491401
0.1,fixed,100,100,44,0.8602833289324914,0.7602833289324914,0.8551136363636364,0.7551136363636364
0.1,fixed,100,100,45,0.853477267331653,0.753477267331653,0.8535780098280098,0.7535780098280098
0.1,fixed,100,100,46,0.8681833602090041,0.7681833602090041,0.8531941031941032,0.7531941031941032
0.1,fixed,100,100,47,0.8720596484228401,0.7720596484228401,0.8569563882063882,0.7569563882063882
0.1,fixed,100,100,48,0.8559584577203181,0.7559584577203181,0.8560350122850123,0.7560350122850124
0.1,fixed,100,100,49,0.8655240582355268,0.7655240582355268,0.8584920147420148,0.7584920147420148
0.1,fixed,100,100,50,0.8630645008976753,0.7630645008976753,0.8570331695331695,0.7570331695331696
0.1,fixed,100,100,51,0.862653670255082,0.762653670255082,0.8570331695331695,0.7570331695331696
0.1,fixed,100,100,52,0.8557736431882577,0.7557736431882577,0.8571099508599509,0.7571099508599509
0.1,fixed,100,100,53,0.8590024545184082,0.7590024545184082,0.8566492628992629,0.7566492628992629
0.1,fixed,100,100,54,0.8586593870161041,0.7586593870161041,0.8538083538083538,0.7538083538083539
0.1,fixed,100,100,55,0.8616326544019981,0.7616326544019981,0.856418918918919,0.756418918918919
0.1,fixed,100,100,56,0.8596019205816632,0.7596019205816632,0.855958230958231,0.755958230958231
0.1,fixed,100,100,57,0.853790302287084,0.753790302287084,0.8543458230958231,0.7543458230958231
0.1,fixed,100,100,58,0.859457850453426,0.7594578504534261,0.8571867321867321,0.7571867321867322
0.1,fixed,100,100,59,0.8512989169773708,0.7512989169773708,0.8600276412776413,0.7600276412776413
0.1,fixed,100,100,60,0.8700997576023427,0.7700997576023427,0.8540386977886978,0.7540386977886978
0.1,fixed,100,100,61,0.8540005155590339,0.7540005155590339,0.8574938574938575,0.7574938574938576
0.1,fixed,100,100,62,0.8651605656339106,0.7651605656339107,0.8580313267813268,0.7580313267813268
0.1,fixed,100,100,63,0.8571413999686235,0.7571413999686235,0.8574938574938575,0.7574938574938576
0.1,fixed,100,100,64,0.8626967400764262,0.7626967400764262,0.8589527027027027,0.7589527027027028
0.1,fixed,100,100,65,0.8591649835237806,0.7591649835237806,0.855036855036855,0.755036855036855
0.1,fixed,100,100,66,0.8619635555193512,0.7619635555193512,0.8585687960687961,0.7585687960687961
0.1,fixed,100,100,67,0.8589104709230667,0.7589104709230667,0.8587223587223587,0.7587223587223587
0.1,fixed,100,100,68,0.8527081942456556,0.7527081942456556,0.8567260442260443,0.7567260442260443
0.1,fixed,100,100,69,0.8573845375076782,0.7573845375076782,0.8569563882063882,0.7569563882063882
0.1,fixed,100,100,70,0.862788823253281,0.762788823253281,0.8556511056511057,0.7556511056511057
0.1,fixed,100,100,71,0.860362164354587,0.760362164354587,0.8568796068796068,0.7568796068796069
0.1,fixed,100,100,72,0.8649123460047602,0.7649123460047602,0.8606418918918919,0.7606418918918919
0.1,fixed,100,100,73,0.8649289577011267,0.7649289577011267,0.8556511056511057,0.7556511056511057
0.1,fixed,100,100,74,0.8603241913499536,0.7603241913499537,0.8615632678132679,0.7615632678132679
0.1,fixed,100,100,75,0.8595398980098685,0.7595398980098685,0.8553439803439803,0.7553439803439803
0.1,fixed,100,100,76,0.8672506554706362,0.7672506554706362,0.85879914004914,0.7587991400491401
0.1,fixed,100,100,77,0.8555650987054597,0.7555650987054597,0.8546529484029484,0.7546529484029484
0.1,fixed,100,100,78,0.8598861987404824,0.7598861987404825,0.8566492628992629,0.7566492628992629
0.1,fixed,100,100,79,0.8662566704943008,0.7662566704943008,0.8578009828009828,0.7578009828009828
0.1,fixed,100,100,80,0.8677598212539378,0.7677598212539378,0.8610257985257985,0.7610257985257985
0.1,fixed,100,100,81,0.8647671332499837,0.7647671332499837,0.8579545454545454,0.7579545454545454
0.1,fixed,100,100,82,0.8629668225258319,0.7629668225258319,0.8580313267813268,0.7580313267813268
0.1,fixed,100,100,83,0.8595437254143935,0.7595437254143935,0.8581848894348895,0.7581848894348895
0.1,fixed,100,100,84,0.8715034728547577,0.7715034728547577,0.8581081081081081,0.7581081081081081
0.1,fixed,100,100,85,0.8584841148750658,0.7584841148750658,0.8584152334152334,0.7584152334152334
0.1,fixed,100,100,86,0.8700997576023427,0.7700997576023427,0.8540386977886978,0.7540386977886978
0.1,fixed,100,100,87,0.8587182267978974,0.7587182267978975,0.8584920147420148,0.7584920147420148
0.1,fixed,100,100,88,0.870051032385698,0.770051032385698,0.8595669533169533,0.7595669533169533
0.1,fixed,100,100,89,0.8653998262704105,0.7653998262704105,0.8545761670761671,0.7545761670761671
0.1,fixed,100,100,90,0.8616679980909059,0.7616679980909059,0.8581848894348895,0.7581848894348895
0.1,fixed,100,100,91,0.8693742756423011,0.7693742756423011,0.8578777641277642,0.7578777641277642
0.1,fixed,100,100,92,0.8549725599537891,0.7549725599537891,0.8586455773955773,0.7586455773955774
0.1,fixed,100,100,93,0.8629779504210634,0.7629779504210634,0.8601812039312039,0.7601812039312039
0.1,fixed,100,100,94,0.8586744761024293,0.7586744761024293,0.8566492628992629,0.7566492628992629
0.1,fixed,100,100,95,0.86167613602605,0.76167613602605,0.8569563882063882,0.7569563882063882
0.1,fixed,100,100,96,0.8584259332432507,0.7584259332432507,0.8551136363636364,0.7551136363636364
0.1,fixed,100,100,97,0.8656598987434333,0.7656598987434333,0.8572635135135135,0.7572635135135135
0.1,fixed,100,100,98,0.8637942611729469,0.7637942611729469,0.8573402948402948,0.7573402948402949
0.1,fixed,100,100,99,0.865054008061838,0.765054008061838,0.85879914004914,0.7587991400491401
0.1,fixed,100,100,100,0.8617528343326197,0.7617528343326198,0.85879914004914,0.7587991400491401
